seq_num,accel_x_g,accel_y_g,accel_z_g,gyro_x_dps,gyro_y_dps,gyro_z_dps
3432,-0.005368,-0.006344,1.029680,0.210000,-2.030000,-0.350000
3433,-0.004880,-0.006832,1.030168,0.210000,-2.030000,-0.420000
3434,-0.002928,-0.009760,1.028216,0.140000,-2.030000,-0.420000
3435,-0.002928,-0.009272,1.028216,0.140000,-1.960000,-0.490000
3436,-0.003904,-0.005856,1.029192,0.210000,-2.030000,-0.420000
3437,-0.004392,-0.007320,1.030168,0.140000,-1.890000,-0.350000
3438,-0.005368,-0.003904,1.030168,0.140000,-1.890000,-0.420000
3439,-0.006344,-0.005856,1.027240,0.210000,-1.820000,-0.420000
3440,-0.007808,-0.004392,1.028704,0.210000,-1.960000,-0.350000
3441,-0.008784,-0.005368,1.030168,0.140000,-1.960000,-0.350000
3442,-0.007320,-0.005368,1.027728,0.210000,-2.030000,-0.350000
3443,-0.006832,-0.004392,1.028704,0.210000,-1.890000,-0.420000
3444,-0.007320,-0.003416,1.028216,0.140000,-2.030000,-0.210000
3445,-0.006832,-0.004392,1.032120,0.070000,-1.890000,-0.280000
3446,-0.003904,-0.005368,1.027728,0.140000,-1.960000,-0.280000
3447,-0.005368,-0.005368,1.027728,0.140000,-1.890000,-0.350000
3448,-0.001952,-0.005856,1.027728,0.140000,-1.960000,-0.280000
3449,-0.005856,-0.005856,1.028216,0.210000,-2.030000,-0.280000
3450,-0.004392,-0.007808,1.026752,0.140000,-2.030000,-0.420000
3451,-0.003904,-0.005856,1.027728,0.140000,-1.960000,-0.420000
3452,-0.004880,-0.005856,1.029680,0.070000,-1.960000,-0.420000
3453,-0.003904,-0.007320,1.027728,0.140000,-2.030000,-0.350000
3454,-0.005856,-0.006832,1.030656,0.210000,-1.960000,-0.350000
3455,-0.006832,-0.007808,1.029192,0.140000,-2.030000,-0.420000
3456,-0.004392,-0.006832,1.029192,0.210000,-2.030000,-0.420000
3457,-0.004880,-0.005856,1.029192,0.140000,-1.960000,-0.350000
3458,-0.002928,-0.006344,1.028704,0.140000,-1.960000,-0.420000
3459,-0.003904,-0.006344,1.030168,0.140000,-2.030000,-0.420000
3460,-0.003904,-0.006344,1.029680,0.140000,-1.960000,-0.420000
3461,-0.003416,-0.006832,1.028704,0.140000,-1.960000,-0.350000
3462,-0.005856,-0.007808,1.029680,0.140000,-1.890000,-0.350000
3463,-0.004392,-0.006832,1.028216,0.210000,-2.030000,-0.420000
3464,-0.005368,-0.007320,1.030168,0.280000,-2.030000,-0.420000
3465,-0.003904,-0.007808,1.029192,0.210000,-1.960000,-0.350000
3466,-0.002440,-0.006832,1.030168,0.210000,-2.030000,-0.350000
3467,-0.003416,-0.007320,1.030168,0.210000,-1.890000,-0.350000
3468,-0.003904,-0.009272,1.028704,0.140000,-1.820000,-0.420000
3469,-0.002440,-0.005368,1.030168,0.210000,-1.960000,-0.350000
3470,-0.005856,-0.005856,1.028704,0.210000,-1.960000,-0.420000
3471,-0.005856,-0.005368,1.031144,0.210000,-1.960000,-0.420000
3472,-0.005856,-0.004392,1.027728,0.140000,-1.890000,-0.280000
3473,-0.005368,-0.004880,1.028216,0.210000,-1.960000,-0.420000
3474,-0.004392,-0.003416,1.028216,0.070000,-1.890000,-0.350000
3475,-0.004880,-0.004880,1.029192,0.140000,-2.030000,-0.280000
3476,-0.004392,-0.003416,1.030168,0.070000,-1.960000,-0.350000
3477,-0.005368,-0.005856,1.030168,0.140000,-1.960000,-0.420000
3478,-0.005368,-0.004880,1.027728,0.140000,-2.100000,-0.280000
3479,-0.005856,-0.005856,1.030168,0.140000,-1.960000,-0.280000
3480,-0.004392,-0.005856,1.027728,0.210000,-2.030000,-0.280000
3481,-0.006832,-0.003904,1.029680,0.140000,-1.960000,-0.350000
3482,-0.005368,-0.003904,1.028704,0.140000,-1.960000,-0.350000
3483,-0.004392,-0.005856,1.028216,0.140000,-1.890000,-0.350000
3484,-0.004392,-0.007320,1.029192,0.210000,-1.890000,-0.350000
3485,-0.006344,-0.006344,1.029192,0.140000,-2.030000,-0.280000
3486,-0.004392,-0.006344,1.029680,0.210000,-1.960000,-0.350000
3487,-0.003904,-0.006832,1.028704,0.140000,-2.030000,-0.420000
3488,-0.005856,-0.008784,1.029680,0.140000,-2.030000,-0.350000
3489,-0.002928,-0.006832,1.033096,0.210000,-1.960000,-0.420000
3490,-0.003904,-0.005856,1.028216,0.140000,-2.030000,-0.280000
3491,-0.005368,-0.007320,1.028216,0.210000,-1.960000,-0.350000
3492,-0.005856,-0.008296,1.031144,0.210000,-2.030000,-0.350000
3493,-0.004392,-0.005856,1.030168,0.140000,-1.890000,-0.280000
3494,-0.005856,-0.005368,1.029680,0.140000,-1.960000,-0.350000
3495,-0.005368,-0.004392,1.026752,0.210000,-1.890000,-0.350000
3496,-0.003904,-0.005856,1.028216,0.140000,-1.960000,-0.350000
3497,-0.003904,-0.007808,1.028216,0.210000,-2.030000,-0.350000
3498,-0.002440,-0.006344,1.028216,0.210000,-1.890000,-0.350000
3499,-0.003416,-0.007320,1.028216,0.070000,-1.960000,-0.350000
3500,-0.005368,-0.006832,1.028216,0.210000,-2.030000,-0.420000
3501,-0.004880,-0.004880,1.029680,0.140000,-1.960000,-0.420000
3502,-0.005368,-0.005368,1.027728,0.140000,-1.960000,-0.420000
3503,-0.008296,-0.005856,1.027728,0.210000,-2.030000,-0.350000
3504,-0.004392,-0.003416,1.027728,0.140000,-2.030000,-0.350000
3505,-0.007320,-0.004392,1.027728,0.140000,-1.890000,-0.350000
3506,-0.006832,-0.005856,1.029192,0.210000,-1.890000,-0.280000
3507,-0.004392,-0.005368,1.027728,0.140000,-1.960000,-0.210000
3508,-0.005856,-0.006832,1.027240,0.140000,-1.960000,-0.350000
3509,-0.005856,-0.006832,1.030656,0.210000,-2.030000,-0.420000
3510,-0.004880,-0.005856,1.028704,0.140000,-2.030000,-0.350000
3511,-0.003904,-0.005856,1.028216,0.140000,-1.960000,-0.280000
3512,-0.004880,-0.007320,1.028704,0.140000,-2.030000,-0.350000
3513,-0.004880,-0.007808,1.027240,0.140000,-1.890000,-0.210000
3514,-0.005368,-0.005368,1.027240,0.140000,-1.890000,-0.280000
3515,-0.004392,-0.006344,1.029680,0.140000,-1.960000,-0.350000
3516,-0.002928,-0.006344,1.029192,0.140000,-2.030000,-0.420000
3517,-0.005368,-0.004880,1.030656,0.140000,-1.960000,-0.350000
3518,-0.005368,-0.008296,1.029192,0.210000,-2.030000,-0.420000
3519,-0.005368,-0.003416,1.028704,0.140000,-1.890000,-0.350000
3520,-0.005368,-0.007320,1.028216,0.140000,-1.890000,-0.210000
3521,-0.003416,-0.008296,1.027728,0.140000,-2.030000,-0.350000
3522,-0.003904,-0.007808,1.029680,0.140000,-1.960000,-0.350000
3523,-0.004392,-0.008296,1.028704,0.140000,-1.960000,-0.420000
3525,-0.002440,-0.007320,1.029192,0.140000,-2.030000,-0.350000
3526,-0.004880,-0.005856,1.027240,0.210000,-1.960000,-0.280000
3527,-0.004392,-0.008784,1.028704,0.210000,-1.960000,-0.350000
3528,-0.004392,-0.007320,1.027728,0.210000,-1.960000,-0.490000
3529,-0.004880,-0.006344,1.028704,0.140000,-1.960000,-0.420000
3530,-0.005368,-0.005368,1.027728,0.140000,-1.960000,-0.350000
3531,-0.003904,-0.007320,1.028704,0.140000,-1.890000,-0.420000
3532,-0.004392,-0.005368,1.029192,0.140000,-1.890000,-0.420000
3533,-0.004880,-0.006832,1.027728,0.140000,-1.960000,-0.490000
3534,-0.004880,-0.006344,1.029192,0.210000,-1.820000,-0.490000
3535,-0.005368,-0.005368,1.030656,0.140000,-2.030000,-0.420000
3538,-0.005368,-0.005368,1.027728,0.140000,-2.030000,-0.490000
3539,-0.007320,-0.005368,1.030168,0.140000,-1.960000,-0.420000
3540,-0.006344,-0.004880,1.027728,0.210000,-1.960000,-0.280000
3541,-0.005368,-0.005856,1.031144,0.140000,-2.030000,-0.350000
3542,-0.005368,-0.005856,1.030168,0.140000,-1.960000,-0.350000
3543,-0.006832,-0.004392,1.029680,0.140000,-1.890000,-0.280000
3544,-0.005856,-0.005856,1.029192,0.210000,-1.890000,-0.280000
3545,-0.005368,-0.005856,1.029192,0.210000,-1.960000,-0.350000
3546,-0.004880,-0.007320,1.030168,0.070000,-2.030000,-0.350000
3547,-0.007320,-0.006344,1.030168,0.280000,-1.960000,-0.350000
3548,-0.003904,-0.007320,1.028704,0.070000,-2.030000,-0.350000
3549,-0.005368,-0.007808,1.027240,0.070000,-2.030000,-0.350000
3550,-0.005856,-0.006344,1.028704,0.140000,-2.030000,-0.490000
3551,-0.006344,-0.005856,1.028704,0.210000,-1.890000,-0.280000
3552,-0.003416,-0.005856,1.028216,0.140000,-1.960000,-0.280000
3554,-0.004880,-0.005856,1.030168,0.210000,-1.820000,-0.420000
3556,-0.005368,-0.005368,1.027728,0.070000,-1.960000,-0.280000
3557,-0.005368,-0.007808,1.029192,0.210000,-1.890000,-0.280000
3558,-0.006344,-0.005368,1.028704,0.140000,-1.960000,-0.280000
3559,-0.004392,-0.006344,1.028216,0.210000,-1.890000,-0.350000
3560,-0.005856,-0.003904,1.027240,0.210000,-1.960000,-0.420000
3561,-0.006344,-0.007808,1.028704,0.140000,-1.960000,-0.350000
3562,-0.005856,-0.005856,1.028216,0.140000,-2.030000,-0.350000
3563,-0.004392,-0.007320,1.030168,0.210000,-1.890000,-0.350000
3564,-0.004392,-0.006344,1.028704,0.070000,-1.890000,-0.420000
3565,-0.005368,-0.004880,1.029192,0.140000,-1.890000,-0.350000
3566,-0.005856,-0.005856,1.028704,0.070000,-1.960000,-0.350000
3567,-0.004880,-0.005856,1.027728,0.210000,-2.030000,-0.210000
3568,-0.008296,-0.005856,1.029192,0.140000,-2.030000,-0.420000
3569,-0.002440,-0.003904,1.028704,0.140000,-1.890000,-0.420000
3570,-0.003416,-0.006344,1.027728,0.140000,-1.960000,-0.350000
3571,-0.002928,-0.006344,1.028216,0.210000,-1.890000,-0.350000
3572,-0.005368,-0.007320,1.028216,0.140000,-1.960000,-0.350000
3573,-0.003904,-0.007320,1.027728,0.140000,-1.960000,-0.350000
3574,-0.006344,-0.004392,1.030168,0.140000,-1.960000,-0.350000
3575,-0.005368,-0.006832,1.029680,0.140000,-1.890000,-0.280000
3576,-0.004392,-0.005368,1.027728,0.140000,-1.960000,-0.280000
3577,-0.006832,-0.004392,1.028704,0.210000,-2.030000,-0.280000
3578,-0.008784,-0.004880,1.028704,0.140000,-1.960000,-0.350000
3579,-0.004392,-0.004392,1.028216,0.140000,-1.960000,-0.280000
3580,-0.004392,-0.006832,1.029680,0.140000,-2.030000,-0.350000
3581,-0.005368,-0.007320,1.028216,0.140000,-1.960000,-0.350000
3582,-0.005856,-0.005368,1.029680,0.070000,-1.960000,-0.420000
3583,-0.003416,-0.005368,1.028704,0.280000,-1.960000,-0.350000
3584,-0.004880,-0.007320,1.030168,0.210000,-2.100000,-0.420000
3585,-0.004392,-0.005856,1.028216,0.140000,-1.960000,-0.350000
3586,-0.003416,-0.006344,1.030656,0.210000,-1.960000,-0.420000
3587,-0.005368,-0.007320,1.028704,0.210000,-1.890000,-0.350000
3588,-0.005368,-0.009272,1.029192,0.140000,-1.960000,-0.350000
3589,-0.006344,-0.008784,1.028704,0.210000,-2.030000,-0.350000
3590,-0.005856,-0.007808,1.028704,0.140000,-2.030000,-0.280000
3591,-0.004880,-0.005856,1.027240,0.140000,-1.960000,-0.420000
3592,-0.003904,-0.007320,1.028704,0.210000,-2.030000,-0.420000
3593,-0.004392,-0.008296,1.028704,0.140000,-1.960000,-0.350000
3594,-0.004392,-0.004392,1.028704,0.140000,-1.890000,-0.350000
3595,-0.005856,-0.006832,1.028704,0.210000,-2.030000,-0.350000
3596,-0.003416,-0.006344,1.028704,0.140000,-1.890000,-0.350000
3597,-0.006344,-0.005856,1.027240,0.140000,-1.960000,-0.420000
3598,-0.004880,-0.005368,1.028216,0.210000,-1.960000,-0.350000
3599,-0.003904,-0.004880,1.030168,0.210000,-1.960000,-0.350000
3600,-0.005856,-0.006832,1.028704,0.140000,-1.960000,-0.350000
3601,-0.005856,-0.005368,1.028216,0.070000,-1.960000,-0.350000
3602,-0.005368,-0.006832,1.028704,0.210000,-1.960000,-0.350000
3603,-0.004392,-0.005368,1.027728,0.070000,-1.890000,-0.420000
3604,-0.003904,-0.004880,1.029680,0.070000,-1.960000,-0.420000
3605,-0.003416,-0.005856,1.028704,0.210000,-2.100000,-0.420000
3606,-0.004880,-0.003904,1.026752,0.070000,-1.960000,-0.420000
3607,-0.004880,-0.005856,1.028704,0.140000,-1.890000,-0.350000
3608,-0.004880,-0.005856,1.027240,0.210000,-2.030000,-0.350000
3609,-0.005368,-0.006344,1.028704,0.210000,-2.030000,-0.350000
3610,-0.003904,-0.007320,1.027240,0.140000,-1.960000,-0.350000
3611,-0.006344,-0.005368,1.029192,0.140000,-2.100000,-0.420000
3612,-0.003904,-0.007808,1.027728,0.140000,-1.960000,-0.350000
3614,-0.004880,-0.007320,1.028704,0.140000,-1.890000,-0.350000
3615,-0.003416,-0.006832,1.029680,0.210000,-1.960000,-0.280000
3616,-0.001952,-0.007320,1.028216,0.140000,-1.820000,-0.420000
3617,-0.003904,-0.007320,1.028704,0.210000,-1.960000,-0.350000
3618,-0.005368,-0.005856,1.029192,0.280000,-1.960000,-0.280000
3619,-0.007808,-0.007320,1.029680,0.280000,-1.960000,-0.420000
3620,-0.007320,-0.009272,1.030168,0.140000,-1.890000,-0.490000
3621,-0.003416,-0.007808,1.027240,0.140000,-1.890000,-0.350000
3622,-0.004880,-0.007808,1.029192,0.210000,-1.960000,-0.350000
3623,-0.005368,-0.007808,1.029680,0.140000,-1.890000,-0.350000
3624,-0.006344,-0.007808,1.027240,0.140000,-2.030000,-0.350000
3625,-0.005368,-0.008296,1.029680,0.140000,-1.960000,-0.490000
3626,-0.004392,-0.007320,1.029680,0.140000,-1.960000,-0.350000
3627,-0.003416,-0.005368,1.029192,0.140000,-1.960000,-0.350000
3628,-0.004880,-0.006344,1.029192,0.140000,-1.890000,-0.420000
3629,-0.004392,-0.005368,1.028704,0.210000,-1.890000,-0.280000
3630,-0.003904,-0.005368,1.029680,0.210000,-1.960000,-0.420000
3631,-0.004880,-0.003416,1.028216,0.140000,-1.960000,-0.420000
3632,-0.005368,-0.003416,1.028704,0.210000,-1.960000,-0.420000
3633,-0.005368,-0.004880,1.030168,0.140000,-1.960000,-0.350000
3634,-0.006344,-0.004392,1.030656,0.210000,-2.030000,-0.350000
3635,-0.007808,-0.002440,1.030656,0.210000,-1.960000,-0.350000
3636,-0.006832,-0.002440,1.030656,0.420000,-1.960000,-0.350000
3637,-0.008784,0.000000,1.029192,0.280000,-1.890000,-0.280000
3638,-0.006344,-0.002928,1.028216,0.350000,-1.890000,-0.280000
3639,-0.007808,-0.006344,1.027240,0.280000,-1.890000,-0.280000
3640,-0.007320,-0.007808,1.028216,0.210000,-1.890000,-0.210000
3641,-0.006344,-0.009272,1.026752,0.210000,-1.960000,-0.210000
3642,-0.001952,-0.011712,1.026752,0.280000,-1.960000,-0.210000
3643,-0.001464,-0.012688,1.026752,0.210000,-1.820000,-0.280000
3645,0.000976,-0.011224,1.030168,0.280000,-2.030000,-0.490000
3646,-0.000976,-0.010248,1.028704,0.280000,-1.890000,-0.420000
3647,-0.001952,-0.007808,1.028216,0.140000,-2.030000,-0.490000
3648,-0.003416,-0.007320,1.029680,0.140000,-2.030000,-0.490000
3649,-0.004392,-0.005368,1.029192,0.210000,-2.030000,-0.490000
3650,-0.006832,-0.002928,1.030656,0.210000,-1.960000,-0.490000
3651,-0.008296,-0.003904,1.028216,0.280000,-1.820000,-0.420000
3652,-0.009760,-0.000488,1.028704,0.280000,-1.960000,-0.420000
3653,-0.006832,-0.004392,1.029192,0.140000,-1.960000,-0.350000
3654,-0.009760,-0.003904,1.026752,0.280000,-1.890000,-0.280000
3655,-0.005856,-0.004880,1.031632,0.210000,-1.960000,-0.280000
3656,-0.005368,-0.006832,1.028704,0.210000,-2.030000,-0.280000
3657,-0.004880,-0.005856,1.026752,0.280000,-1.960000,-0.280000
3658,-0.002440,-0.007808,1.027728,0.210000,-1.960000,-0.280000
3659,-0.002440,-0.007808,1.030168,0.140000,-1.960000,-0.350000
3660,-0.001952,-0.008296,1.028216,0.140000,-1.890000,-0.350000
3661,-0.002928,-0.005856,1.027728,0.070000,-1.960000,-0.420000
3662,-0.003904,-0.004880,1.026752,0.070000,-2.030000,-0.350000
3663,-0.006344,-0.006344,1.030168,0.210000,-1.960000,-0.420000
3664,-0.006344,-0.003904,1.028704,0.140000,-1.960000,-0.350000
3665,-0.005856,-0.005368,1.027728,0.140000,-2.030000,-0.420000
3666,-0.005856,-0.005368,1.029192,0.140000,-2.030000,-0.350000
3667,-0.006832,-0.006344,1.028216,0.070000,-2.030000,-0.350000
3668,-0.007808,-0.006344,1.030656,0.140000,-1.890000,-0.350000
3669,-0.006344,-0.006832,1.028704,0.140000,-1.960000,-0.280000
3670,-0.004392,-0.007320,1.028704,0.210000,-1.960000,-0.280000
3671,-0.001952,-0.009272,1.028216,0.140000,-1.960000,-0.210000
3672,-0.003416,-0.009760,1.029192,0.140000,-1.960000,-0.420000
3673,-0.002440,-0.009760,1.027728,0.070000,-2.030000,-0.350000
3674,-0.002440,-0.007320,1.029680,0.140000,-2.100000,-0.350000
3675,-0.002928,-0.007808,1.028704,0.140000,-1.960000,-0.490000
3676,-0.001952,-0.006832,1.030168,0.210000,-2.030000,-0.560000
3677,-0.003904,-0.005368,1.027240,0.140000,-2.030000,-0.490000
3678,-0.007808,-0.005368,1.028704,0.140000,-1.960000,-0.490000
3679,-0.007808,-0.004392,1.029192,0.140000,-1.890000,-0.490000
3680,-0.007808,-0.003904,1.030656,0.140000,-1.960000,-0.350000
3681,-0.007320,-0.001952,1.027240,0.280000,-1.960000,-0.420000
3682,-0.008784,-0.003904,1.028704,0.210000,-1.890000,-0.280000
3683,-0.006832,-0.002928,1.028216,0.140000,-1.960000,-0.280000
3684,-0.007808,-0.003904,1.028216,0.210000,-1.820000,-0.350000
3685,-0.005368,-0.005856,1.030656,0.140000,-1.890000,-0.280000
3686,-0.002928,-0.006832,1.028216,0.210000,-1.960000,-0.280000
3687,-0.003904,-0.008784,1.029680,0.140000,-1.890000,-0.210000
3688,-0.002928,-0.007320,1.028216,0.210000,-1.890000,-0.350000
3689,-0.000976,-0.009760,1.029192,0.140000,-1.960000,-0.420000
3690,-0.002928,-0.009760,1.029192,0.140000,-1.960000,-0.420000
3691,-0.000976,-0.009272,1.027240,0.140000,-1.960000,-0.420000
3692,-0.002928,-0.008296,1.026264,0.140000,-1.960000,-0.420000
3693,-0.004880,-0.008296,1.029680,0.210000,-1.960000,-0.420000
3694,-0.007320,-0.005856,1.028704,0.210000,-1.960000,-0.490000
3695,-0.007808,-0.003904,1.028216,0.140000,-1.960000,-0.420000
3696,-0.002928,-0.006344,1.027728,0.140000,-1.960000,-0.350000
3697,-0.008296,-0.005368,1.029680,0.280000,-1.890000,-0.420000
3698,-0.005856,-0.004392,1.027728,0.210000,-1.960000,-0.350000
3699,-0.005856,-0.004392,1.028704,0.210000,-1.890000,-0.350000
3700,-0.006832,-0.005856,1.028704,0.140000,-2.030000,-0.420000
3701,-0.005856,-0.006344,1.028704,0.140000,-1.960000,-0.350000
3703,-0.004880,-0.007320,1.031144,0.140000,-2.030000,-0.350000
3704,-0.003416,-0.007320,1.028216,0.140000,-2.030000,-0.350000
3705,-0.001952,-0.007320,1.028216,0.140000,-2.030000,-0.420000
3706,-0.002440,-0.006832,1.029680,0.140000,-2.030000,-0.350000
3707,-0.003904,-0.006832,1.027240,0.140000,-1.960000,-0.420000
3708,-0.003904,-0.005368,1.028704,0.140000,-1.960000,-0.350000
3709,-0.004880,-0.007320,1.026752,0.070000,-2.030000,-0.350000
3710,-0.005368,-0.005368,1.029192,0.140000,-1.960000,-0.350000
3711,-0.005368,-0.006832,1.028704,0.140000,-2.030000,-0.280000
3712,-0.005856,-0.005856,1.029680,0.210000,-2.030000,-0.420000
3713,-0.005368,-0.005856,1.029680,0.140000,-1.960000,-0.350000
3714,-0.004880,-0.005368,1.030168,0.140000,-1.960000,-0.420000
3715,-0.005856,-0.005856,1.029192,0.140000,-1.960000,-0.350000
3716,-0.005856,-0.005856,1.029680,0.070000,-1.890000,-0.420000
3717,-0.004880,-0.007808,1.028216,0.210000,-1.960000,-0.420000
3718,-0.002928,-0.007320,1.030168,0.070000,-1.960000,-0.490000
3719,-0.005368,-0.005856,1.027240,0.210000,-2.030000,-0.280000
3720,-0.003904,-0.005856,1.028704,0.210000,-1.960000,-0.350000
3721,-0.003904,-0.006344,1.028704,0.140000,-2.030000,-0.350000
3722,-0.004392,-0.002440,1.029680,0.210000,-1.960000,-0.350000
3723,-0.006344,-0.005856,1.027728,0.140000,-2.030000,-0.350000
3724,-0.005856,-0.005368,1.027728,0.210000,-1.960000,-0.350000
3725,-0.006344,-0.004392,1.026752,0.210000,-1.890000,-0.350000
3726,-0.005368,-0.005856,1.027240,0.070000,-1.960000,-0.350000
3727,-0.005856,-0.005368,1.028704,0.210000,-2.030000,-0.350000
3728,-0.005856,-0.005856,1.029192,0.140000,-1.960000,-0.420000
3729,-0.004392,-0.008296,1.026264,0.140000,-2.030000,-0.350000
3730,-0.006832,-0.007808,1.029680,0.140000,-1.960000,-0.350000
3731,-0.004392,-0.004880,1.027728,0.210000,-1.960000,-0.280000
3733,-0.003416,-0.007320,1.029680,0.070000,-1.890000,-0.420000
3734,-0.003904,-0.008784,1.028704,0.140000,-1.960000,-0.350000
3735,-0.002440,-0.006344,1.029192,0.140000,-1.960000,-0.350000
3736,-0.003416,-0.004392,1.029192,0.140000,-1.960000,-0.420000
3737,-0.008296,-0.007808,1.028216,0.210000,-2.030000,-0.420000
3738,-0.008296,-0.006344,1.028704,0.140000,-1.960000,-0.420000
3739,-0.006832,-0.004880,1.029192,0.140000,-2.030000,-0.420000
3740,-0.005856,-0.005368,1.029192,0.210000,-2.100000,-0.350000
3741,-0.005856,-0.003416,1.030656,0.140000,-2.030000,-0.350000
3742,-0.007808,-0.005856,1.028704,0.140000,-1.960000,-0.350000
3743,-0.006832,-0.004880,1.029192,0.140000,-1.960000,-0.350000
3744,-0.004880,-0.004880,1.027728,0.140000,-1.960000,-0.350000
3745,-0.004880,-0.005856,1.030168,0.140000,-2.030000,-0.420000
3746,-0.002928,-0.009272,1.029680,0.140000,-2.030000,-0.420000
3747,-0.004880,-0.005856,1.027728,0.210000,-1.960000,-0.420000
3748,-0.003904,-0.005368,1.028704,0.140000,-1.890000,-0.420000
3749,-0.003416,-0.008296,1.030168,0.210000,-2.030000,-0.350000
3750,-0.003904,-0.008296,1.029192,0.140000,-2.030000,-0.350000
3751,-0.004880,-0.008296,1.027240,0.140000,-2.100000,-0.420000
3752,-0.004880,-0.005368,1.029192,0.140000,-1.960000,-0.350000
3753,-0.003904,-0.004880,1.028704,0.210000,-1.960000,-0.420000
3754,-0.006344,-0.006832,1.028216,0.210000,-1.960000,-0.420000
3755,-0.005368,-0.006832,1.028704,0.210000,-1.890000,-0.350000
3756,-0.006344,-0.005856,1.029680,0.140000,-2.030000,-0.420000
3757,-0.005368,-0.004880,1.029680,0.140000,-1.960000,-0.350000
3758,-0.003416,-0.005368,1.027728,0.140000,-1.890000,-0.350000
3759,-0.003904,-0.004880,1.026752,0.140000,-1.960000,-0.280000
3760,-0.004880,-0.007320,1.028216,0.210000,-1.960000,-0.350000
3761,-0.003904,-0.007320,1.030656,0.210000,-1.960000,-0.350000
3763,-0.002440,-0.007320,1.029192,0.210000,-2.030000,-0.420000
3764,-0.004880,-0.003904,1.029680,0.210000,-1.960000,-0.280000
3765,-0.007320,-0.004880,1.027728,0.140000,-2.030000,-0.350000
3766,-0.006344,-0.004880,1.027728,0.140000,-1.960000,-0.280000
3767,-0.006832,-0.007320,1.030168,0.140000,-1.960000,-0.280000
3768,-0.004880,-0.003904,1.028704,0.140000,-1.960000,-0.350000
3770,-0.005368,-0.007808,1.030656,0.140000,-2.030000,-0.280000
3771,-0.003416,-0.006832,1.028216,0.210000,-1.960000,-0.420000
3772,-0.005368,-0.005856,1.028216,0.140000,-1.960000,-0.210000
3773,-0.002928,-0.007320,1.029192,0.140000,-2.030000,-0.280000
3774,-0.004392,-0.006832,1.028704,0.210000,-1.960000,-0.280000
3775,-0.003904,-0.008784,1.027240,-0.210000,-1.750000,-0.420000
3776,-0.006344,-0.009272,1.027240,0.280000,-2.170000,-0.420000
3777,-0.004392,-0.005368,1.028216,-0.560000,-1.890000,-0.420000
3778,-0.003416,-0.007320,1.029192,-0.420000,-1.890000,-0.490000
3779,-0.005368,-0.007320,1.027728,0.280000,-1.960000,-0.350000
3780,-0.006344,-0.002928,1.030168,-1.050000,-0.420000,-0.490000
3781,-0.011712,-0.023424,1.010648,0.840000,-2.100000,-0.350000
3782,-0.004880,-0.002440,1.030168,0.070000,-1.680000,-0.350000
3783,-0.006832,-0.009760,1.027240,-0.140000,-1.820000,-0.350000
3784,-0.006344,-0.005856,1.027240,-0.070000,-1.610000,-0.280000
3785,-0.004392,-0.006832,1.029192,0.000000,-1.890000,-0.420000
3786,-0.005856,-0.009760,1.027728,0.140000,-2.240000,-0.350000
3787,-0.006344,-0.007808,1.028704,0.280000,-2.310000,-0.350000
3788,-0.005368,0.016592,1.098976,-11.900000,2.310000,-1.190000
3789,-0.240096,-0.066368,1.025776,-1.890000,-1.680000,-27.090000
3790,0.141032,-0.020008,1.087752,-2.870000,-1.050000,-2.870000
3791,-0.100040,0.013176,1.029680,-5.530000,0.140000,-28.350000
3792,0.092232,0.059048,1.063840,-7.700000,-1.260000,-11.690000
3793,-0.011224,0.102968,1.054080,-8.260000,-1.330000,-28.139999
3794,0.011712,-0.022936,1.039928,-3.640000,-2.310000,-4.690000
3795,0.063928,-0.052216,1.053592,-2.730000,-2.380000,-3.430000
3796,-0.038552,-0.017568,1.017968,-0.350000,-1.750000,-1.890000
3797,-0.053680,0.032696,1.035536,-3.290000,-1.050000,-13.370000
3798,0.062464,-0.092232,1.044320,-4.620000,-1.120000,-2.870000
3799,0.066368,-0.052704,1.039440,5.110000,-0.420000,-5.180000
3800,-0.108824,0.029280,1.036512,-6.510000,5.880000,-36.750000
3801,0.001464,-0.006344,1.016992,-2.660000,5.110000,-32.689999
3802,0.081984,-0.029280,1.011624,2.730000,4.130000,-19.250000
3803,0.036112,0.004392,1.038952,1.190000,4.480000,-2.310000
3804,-0.023424,0.000000,1.034072,11.060000,2.310000,-0.070000
3805,0.021960,-0.056120,1.035536,14.140000,1.190000,-2.240000
3806,-0.041968,-0.027816,1.030656,14.630000,-16.170000,-9.940000
3807,-0.003416,0.007320,1.030168,14.560000,-2.310000,-9.170000
3808,-0.011712,-0.001952,1.048712,12.670000,-3.290000,-5.880000
3809,-0.023912,-0.032696,1.049200,6.860000,-3.780000,-5.880000
3810,0.001952,-0.025376,1.053104,4.270000,-4.900000,1.750000
3811,-0.008296,-0.007320,1.039440,4.130000,-5.040000,-2.380000
3812,-0.008296,-0.027816,1.063840,4.550000,-6.160000,0.420000
3813,-0.005856,-0.024400,1.065792,0.070000,-6.020000,3.780000
3814,-0.007808,-0.009272,1.079944,5.880000,-10.570000,-3.850000
3815,-0.013664,0.007320,1.072136,12.670000,-12.950000,-11.550000
3816,0.007320,0.016104,1.045296,10.220000,-14.140000,-16.309999
3817,-0.022448,0.027328,1.007232,17.709999,-14.000000,-19.250000
3818,0.007320,0.018056,1.009672,16.170000,-12.600000,-14.700000
3819,0.005856,0.017080,1.006256,5.950000,-10.430000,-6.300000
3821,-0.124440,0.005856,1.033584,-6.440000,-6.860000,-6.440000
3823,0.001952,-0.014640,1.045784,-7.490000,-7.070000,-3.710000
3824,-0.000488,-0.018544,1.103856,-7.070000,-8.470000,-4.620000
3825,0.003416,0.020984,1.060912,-2.940000,-11.340000,-12.250000
3826,0.002928,-0.000976,1.021872,-5.390000,-10.570000,-15.820000
3827,-0.002440,-0.020984,0.993568,-12.950000,-7.700000,-14.070000
3828,0.005856,0.000488,0.992592,-1.610000,-8.050000,-18.969999
3829,0.024400,0.000000,1.004792,8.400000,-9.380000,-16.100000
3830,0.015128,-0.004392,1.007720,12.040000,-9.450000,-15.470000
3831,0.012200,-0.023424,1.023336,10.710000,-9.170000,-8.330000
3832,-0.005368,-0.064416,1.072624,-0.070000,-8.400000,-0.630000
3833,0.018544,-0.002440,1.032608,-5.320000,-8.540000,1.890000
3834,0.012200,0.029280,1.005768,-11.340000,-6.230000,2.310000
3835,0.012200,0.005368,1.028216,-9.170000,-5.600000,2.030000
3836,0.008296,0.018544,1.007232,-3.220000,-5.530000,-6.720000
3837,0.014152,0.019520,1.014064,0.280000,-5.460000,-10.920000
3838,-0.003416,-0.004880,1.031632,-11.900000,-3.500000,-7.490000
3839,0.014640,0.014640,0.997472,-7.630000,-4.340000,-10.290000
3840,0.034648,0.021472,1.123376,1.120000,-4.900000,-8.610000
3841,0.011712,0.007808,0.991128,1.120000,-3.220000,-5.180000
3842,0.018544,-0.001952,1.012600,-3.150000,-0.770000,-2.730000
3843,0.023912,0.006344,1.031632,-1.400000,-0.700000,-1.330000
3844,0.024888,0.010736,1.025288,2.660000,-1.050000,3.010000
3845,0.030256,0.008296,1.026752,-1.680000,-0.980000,7.280000
3846,0.020008,0.006832,1.024800,-0.700000,-0.770000,6.440000
3847,0.016104,0.025864,0.989176,0.350000,0.980000,0.910000
3848,0.021472,0.031720,1.006256,2.310000,1.820000,-2.380000
3849,0.031232,0.006832,1.042856,5.040000,1.120000,-2.800000
3850,0.023424,0.000488,1.056032,4.970000,0.840000,-4.690000
3851,0.024400,-0.035624,1.047248,0.700000,-1.890000,-3.220000
3852,0.009272,-0.001952,1.014064,2.310000,-2.100000,-5.880000
3853,0.007320,-0.011224,1.005280,2.030000,-1.400000,-1.260000
3854,-0.001464,-0.008784,1.003328,-3.850000,1.680000,5.530000
3855,0.022448,0.002928,1.019432,-3.570000,1.680000,8.120000
3856,0.022448,0.014640,1.020408,-2.450000,1.890000,9.310000
3857,0.026840,0.009272,1.056520,-1.120000,1.050000,8.820000
3858,0.030256,0.006832,1.058472,4.970000,-1.470000,7.280000
3859,0.017568,0.011224,1.029680,5.250000,-1.960000,4.970000
3860,0.015616,-0.004880,1.015528,-0.420000,-0.140000,4.550000
3861,0.006344,-0.004880,1.005768,-4.060000,0.910000,2.730000
3862,0.010248,-0.007320,0.996496,-8.610000,2.730000,5.390000
3863,0.015616,-0.006344,1.025288,-5.530000,2.940000,1.750000
3864,0.026840,0.010736,1.039440,-4.760000,2.660000,-0.140000
3865,0.029280,0.006344,1.044320,-1.890000,1.470000,2.100000
3866,0.020496,-0.005368,1.051640,-0.350000,0.280000,3.010000
3867,0.012200,-0.018544,1.038464,-3.010000,0.280000,7.980000
3868,0.009760,-0.004880,1.042856,-7.840000,0.000000,11.900000
3869,0.020496,0.002440,1.022360,-5.950000,0.140000,10.780000
3870,0.002928,-0.019520,1.015528,-7.000000,0.910000,8.610000
3871,0.008296,-0.026840,1.022360,-4.270000,0.770000,7.140000
3872,0.002928,-0.019032,1.029192,-7.490000,1.120000,7.910000
3873,0.001952,-0.001464,1.038464,-3.990000,0.280000,2.030000
3874,0.017080,0.000976,1.041392,-5.530000,-0.980000,0.840000
3875,0.012200,-0.001464,1.038952,-0.840000,-2.240000,-1.960000
3876,0.013664,-0.011712,1.043832,-3.850000,-2.800000,1.190000
3877,0.008784,-0.020008,1.036024,0.630000,-4.340000,-3.010000
3878,-0.033672,-0.092720,1.043832,0.630000,-3.430000,0.140000
3880,0.017568,-0.014640,0.981368,0.840000,-2.660000,-0.700000
3881,-0.012688,-0.036112,1.012600,1.820000,-2.380000,-2.240000
3882,0.014640,0.002440,1.039440,3.780000,-3.080000,-1.960000
3883,0.019520,0.001464,1.049688,7.000000,-4.900000,-1.610000
3884,0.014152,-0.003904,1.044808,7.770000,-5.250000,-1.190000
3885,0.010736,-0.007808,1.024312,3.500000,-4.480000,0.770000
3886,0.011224,-0.015128,1.014064,-2.030000,-3.080000,2.450000
3887,0.012200,-0.004880,1.000888,0.210000,-2.310000,1.470000
3888,0.014640,0.002440,1.002840,-0.140000,-3.010000,7.420000
3889,0.020496,0.007808,0.996496,-8.120000,-2.170000,9.310000
3890,0.020496,-0.013176,1.025288,-4.270000,-0.070000,10.710000
3891,0.007808,-0.029768,1.047248,-8.190000,-0.700000,8.680000
3892,0.003416,-0.032696,1.060424,-1.470000,-0.770000,3.500000
3893,-0.010736,-0.037088,1.054568,0.770000,-1.050000,-1.610000
3894,0.012688,-0.022936,1.046272,3.990000,1.750000,1.050000
3895,0.016592,-0.013664,1.043344,2.520000,-5.460000,2.240000
3896,0.017080,-0.000488,1.035048,4.970000,-6.300000,0.350000
3897,0.009760,-0.012200,1.010648,3.780000,-6.580000,1.610000
3898,0.009760,-0.009272,1.006256,-5.880000,-5.670000,6.860000
3899,0.037576,0.021472,1.025776,-5.670000,-4.760000,10.360000
3900,0.035624,0.013664,1.046760,-3.360000,-6.160000,12.880000
3901,0.015616,-0.015616,1.042856,0.210000,-6.440000,10.920000
3902,-0.002440,-0.041968,1.032608,-1.610000,-5.950000,10.290000
3903,-0.022936,-0.063928,1.008208,-5.810000,-2.870000,7.840000
3904,0.011224,-0.024400,1.024312,-10.920000,-4.340000,11.550000
3905,0.005856,-0.004392,0.978928,-4.130000,-5.530000,6.650000
3906,0.004880,-0.028304,0.999912,-4.550000,-3.220000,8.680000
3907,0.002440,-0.016104,1.040416,-8.050000,-2.380000,7.910000
3908,0.031232,-0.007320,1.057496,-4.970000,-3.570000,7.210000
3909,0.018056,-0.024888,1.052616,-3.710000,-2.450000,4.410000
3911,0.016592,-0.019032,1.017480,-6.370000,-2.870000,5.180000
3912,0.004880,-0.047336,1.024800,-4.200000,-4.480000,0.560000
3913,0.011712,-0.043432,1.020896,-2.380000,2.240000,-1.890000
3914,0.006344,-0.040016,1.023824,-3.500000,6.860000,-0.630000
3915,0.003904,-0.050752,1.021872,-2.100000,7.770000,-1.120000
3916,0.006832,-0.034648,1.019920,-4.690000,9.940000,0.070000
3917,0.015128,-0.009272,1.029192,-6.650000,-0.700000,2.380000
3918,0.020008,-0.014152,1.046760,16.870001,-8.330000,5.040000
3919,0.019520,-0.020984,1.052616,1.820000,-10.290000,6.510000
3920,0.018544,-0.027816,1.047248,3.010000,-9.030000,9.030000
3921,0.008784,-0.033184,1.027728,2.240000,-3.710000,11.550000
3922,0.017080,-0.036112,1.020408,2.030000,-2.100000,12.110000
3923,0.009760,-0.032208,1.001864,1.470000,-0.560000,9.100000
3924,0.010736,-0.038552,0.995520,1.960000,2.310000,4.900000
3925,0.006344,-0.038064,0.995520,0.420000,6.580000,1.470000
3926,0.012200,-0.036600,1.014552,0.980000,9.310000,2.100000
3927,0.013176,-0.029280,1.042856,0.140000,10.640000,2.940000
3928,0.009272,-0.034160,1.056032,8.050000,13.020000,0.700000
3929,0.015128,-0.023424,1.068232,12.250000,13.650000,-1.260000
3930,0.013176,-0.025864,1.057496,11.200000,13.440000,-2.450000
3931,0.000976,-0.027328,1.031632,11.480000,12.530000,-8.190000
3932,0.004392,-0.020984,1.019920,11.270000,15.120000,-7.000000
3933,-0.013176,-0.013176,1.019432,15.120000,7.140000,-3.360000
3934,-0.007320,-0.021472,1.018944,18.969999,-2.730000,-2.030000
3935,-0.011224,-0.015128,1.015040,14.070000,-6.860000,-1.120000
3936,-0.001952,-0.018056,1.030656,18.900000,-9.450000,0.280000
3937,0.004392,-0.008784,1.014552,23.940001,-9.800000,0.700000
3939,0.002928,-0.013176,1.024800,14.840000,-5.460000,-0.910000
3940,-0.002440,-0.001464,1.029192,14.630000,-1.120000,-0.350000
3941,-0.003904,0.005856,1.029680,21.209999,1.120000,0.280000
3942,-0.000488,0.010248,1.034560,28.000000,1.820000,0.560000
3943,0.001952,0.007808,1.055056,40.950001,2.590000,2.870000
3944,0.018544,0.027328,1.036512,40.599998,8.820000,4.200000
3945,-0.003416,0.031720,1.030168,48.020000,4.410000,3.990000
3946,0.001952,0.034160,1.019920,51.029999,-4.480000,6.300000
3947,-0.014152,0.041480,1.012600,52.220001,-8.120000,6.300000
3948,-0.017080,0.052704,1.010648,53.270000,-7.210000,1.680000
3949,-0.008296,0.065880,1.001376,47.740002,-7.630000,2.870000
3950,-0.007320,0.063928,1.016504,46.200001,-6.230000,2.940000
3951,-0.005368,0.071248,1.017480,43.049999,-7.000000,2.940000
3952,-0.004392,0.071736,1.028704,37.869999,-9.240000,2.870000
3953,0.000488,0.067344,1.045296,38.709999,-11.550000,5.810000
3954,0.000976,0.083936,1.037488,38.500000,-15.610000,5.460000
3955,-0.001464,0.078568,1.036024,40.110001,-17.219999,1.050000
3956,0.004880,0.108824,1.011136,51.169998,-17.709999,-2.660000
3957,0.004392,0.122488,1.000888,71.050003,-18.900000,-3.010000
3958,0.014152,0.146400,0.999912,55.020000,-16.379999,-1.190000
3959,0.010248,0.156160,1.005280,53.060001,-11.830000,-1.120000
3960,0.018056,0.163968,1.003816,46.549999,-6.370000,-0.140000
3961,0.014152,0.160552,1.015528,37.240002,0.140000,-1.190000
3962,0.024400,0.162016,1.020896,33.040001,12.180000,-0.700000
3963,-0.001464,0.172264,1.020408,26.459999,5.250000,-3.710000
3964,0.007808,0.163480,1.027728,19.040001,1.540000,-3.850000
3965,0.006832,0.161528,1.037976,16.660000,5.740000,-4.480000
3966,0.012688,0.179584,1.034072,18.270000,11.830000,-4.690000
3967,0.011712,0.186904,1.039928,25.900000,14.280000,-3.360000
3970,0.004880,0.208864,0.999424,44.099998,6.860000,-0.840000
3971,0.001464,0.202032,1.004792,46.410000,7.000000,-1.330000
3972,-0.003904,0.218136,0.998448,42.279999,3.920000,-2.100000
3973,0.000000,0.222040,0.998448,37.799999,3.920000,-1.120000
3974,0.000000,0.233752,0.983320,24.360001,-1.820000,-0.210000
3975,-0.005368,0.232288,0.995032,17.780001,-0.700000,-1.330000
3976,-0.001952,0.233752,0.996496,10.780000,1.470000,-1.540000
3977,-0.003904,0.224968,1.009184,9.660000,3.920000,-1.680000
3978,0.005856,0.206912,1.026752,20.299999,2.450000,6.020000
3979,0.009272,0.238632,1.018456,32.480000,-3.920000,9.240000
3980,0.001464,0.236680,1.026752,49.419998,10.990000,7.490000
3981,-0.018056,0.272792,0.994056,41.369999,8.050000,-0.910000
3982,-0.005856,0.260104,0.966728,35.630001,2.310000,0.840000
3983,0.006344,0.279624,0.954040,29.820000,-7.140000,3.640000
3984,-0.001952,0.272792,0.969168,25.129999,-7.770000,6.440000
3985,-0.004880,0.285480,0.980392,21.770000,-6.720000,7.210000
3986,-0.008784,0.280600,0.998448,19.879999,-4.270000,5.460000
3987,-0.011712,0.288408,1.001864,16.379999,-1.400000,2.730000
3988,-0.008784,0.292800,1.009672,14.770000,0.140000,1.680000
3989,-0.009272,0.288408,1.004304,15.470000,0.700000,0.840000
3990,-0.020984,0.267424,0.992592,22.260000,-0.630000,-2.030000
3991,-0.009760,0.273280,0.973072,23.170000,0.560000,-2.240000
3992,-0.000488,0.297192,0.958920,23.030001,0.630000,-2.310000
3993,0.000488,0.305488,0.960384,20.580000,0.700000,-1.890000
3994,0.001464,0.320128,0.990640,18.200001,-1.540000,-0.560000
3995,0.003416,0.317688,0.998448,17.709999,0.980000,2.940000
3996,-0.001464,0.317200,1.004792,17.500000,1.750000,4.830000
3997,-0.006832,0.314760,0.996984,20.230000,0.840000,5.320000
3998,0.000488,0.322080,0.976000,22.120001,-0.910000,6.090000
3999,-0.009760,0.327936,0.961360,16.240000,-5.250000,1.470000
4001,-0.006344,0.321592,0.967704,4.550000,-2.730000,-3.710000
4002,-0.008784,0.317200,0.971608,7.000000,-3.990000,-5.810000
4003,-0.006832,0.321592,0.985272,8.050000,-2.450000,-5.110000
4004,-0.003904,0.335256,0.974048,11.900000,-3.080000,-4.480000
4005,-0.006832,0.334768,0.985272,13.930000,-2.380000,-4.410000
4006,-0.005856,0.329888,0.969656,13.440000,-2.870000,-4.130000
4007,-0.007808,0.345504,0.959408,10.010000,-3.290000,-2.240000
4008,-0.004880,0.334768,0.957944,4.340000,-3.640000,-2.100000
4009,-0.012688,0.339160,0.960384,-1.260000,-1.540000,-4.830000
4010,-0.004880,0.338672,0.972584,-11.690000,0.070000,-6.020000
4011,-0.013176,0.342088,0.981368,-11.830000,0.000000,-6.230000
4012,-0.010736,0.342576,1.003816,-11.830000,1.960000,-6.090000
4013,-0.009272,0.336720,0.986736,-23.240000,3.780000,-9.240000
4014,-0.012688,0.332328,0.970144,-31.780001,6.230000,-9.170000
4015,-0.012200,0.316224,0.962824,-50.189999,10.010000,-12.810000
4016,-0.009272,0.313296,0.984296,-57.400002,9.730000,-14.840000
4017,-0.014152,0.313784,0.990640,-57.400002,8.610000,-14.350000
4018,-0.011712,0.304512,0.996008,-53.900002,4.690000,-9.240000
4019,-0.011712,0.296216,1.008208,-51.380001,1.260000,-6.370000
4020,-0.016592,0.297192,0.998936,-48.720001,-1.330000,-4.480000
4021,-0.020008,0.281576,0.997960,-51.869999,-2.940000,-3.290000
4022,-0.022936,0.257664,0.996496,-50.189999,-3.920000,-2.310000
4023,-0.019520,0.229848,0.983320,-46.060001,-5.320000,-1.540000
4024,-0.032696,0.214720,0.999912,-51.590000,-6.790000,-5.810000
4025,-0.024400,0.222528,1.013088,-52.919998,-4.900000,-6.720000
4026,-0.021960,0.220088,0.999424,-54.180000,-4.900000,-5.320000
4027,-0.017080,0.222040,1.004792,-56.910000,-6.020000,-4.270000
4029,-0.012200,0.196176,1.013576,-40.599998,-11.130000,0.840000
4030,-0.005368,0.192272,1.014064,-29.260000,-10.640000,6.720000
4031,-0.015128,0.167872,1.014064,-13.650000,-11.760000,12.530000
4032,-0.008784,0.187392,0.996984,-8.050000,-9.310000,12.810000
4033,-0.009760,0.178608,0.987224,-8.960000,-8.260000,12.600000
4034,-0.011712,0.169824,0.987712,-14.000000,-5.810000,9.450000
4035,0.002440,0.175192,0.996984,-14.490000,-1.890000,10.990000
4036,0.000976,0.182024,1.003816,-18.270000,-2.170000,12.320000
4037,-0.001464,0.174704,1.012600,-24.990000,-3.360000,16.940001
4038,-0.008784,0.168360,1.034560,-31.219999,-7.910000,16.660000
4039,-0.008784,0.152744,1.050176,-35.700001,-7.700000,16.240000
4040,-0.018544,0.137128,1.039440,-34.439999,-7.560000,11.620000
4041,-0.013664,0.130296,1.030168,-34.090000,-8.050000,8.260000
4042,-0.009272,0.127368,1.016504,-36.189999,-6.580000,4.830000
4043,-0.012200,0.116144,1.002840,-36.330002,-4.340000,-1.540000
4044,-0.007808,0.116144,0.991128,-31.990000,-2.520000,-4.690000
4045,0.000488,0.124440,0.991128,-33.110001,-1.260000,-2.590000
4046,0.004392,0.127368,1.007232,-32.900002,1.820000,1.190000
4047,0.004392,0.130784,1.015040,-29.400000,2.380000,1.960000
4048,0.002928,0.121024,1.021384,-30.450001,0.980000,3.990000
4049,-0.000976,0.103944,1.024800,-52.779999,0.910000,3.570000
4050,-0.009760,0.082472,1.026752,-42.980000,2.170000,2.380000
4051,-0.013664,0.074664,1.025776,-50.119999,5.390000,-2.590000
4052,-0.002928,0.077104,1.039928,-58.450001,6.580000,-1.470000
4053,-0.000488,0.070272,1.042368,-63.209999,6.510000,2.100000
4054,-0.014640,0.040992,1.052616,-58.939999,3.640000,1.470000
4055,-0.011712,0.035136,1.062376,-47.250000,1.960000,1.540000
4056,-0.019032,0.023912,1.050176,-44.310001,-1.960000,-1.120000
4059,-0.004392,0.014640,1.019920,-50.470001,-1.470000,-4.900000
4060,-0.014152,-0.001464,1.030168,-52.919998,-1.610000,-5.600000
4061,-0.006344,-0.003416,1.032120,-53.480000,-1.890000,-3.640000
4062,-0.009760,-0.002928,1.039928,-55.930000,-2.870000,-4.270000
4063,-0.015128,-0.020008,1.033584,-54.599998,-1.190000,-4.270000
4064,-0.018056,-0.031232,1.025288,-49.840000,0.910000,-5.390000
4065,-0.012688,-0.038552,1.015040,-50.680000,0.910000,-8.330000
4066,-0.011224,-0.085888,1.019920,-48.160000,-1.330000,-5.390000
4067,-0.013176,-0.070760,1.023336,-45.990002,-3.990000,-7.350000
4068,-0.006832,-0.077592,1.051152,-40.810001,-5.250000,-2.870000
4069,-0.007808,-0.087840,1.052128,-43.330002,-6.790000,-1.890000
4070,0.000976,-0.082960,1.052128,-47.740002,-6.860000,1.330000
4071,-0.003416,-0.069784,1.048224,-58.520000,-7.070000,2.730000
4072,-0.004880,-0.083936,1.024312,-61.740002,-8.190000,5.880000
4073,-0.001952,-0.100040,0.995032,-53.270000,-5.810000,8.400000
4074,-0.006832,-0.108824,0.991128,-45.500000,-3.010000,8.680000
4075,-0.008296,-0.125416,0.994544,-36.959999,-1.610000,6.090000
4076,-0.014640,-0.148840,0.994056,-37.520000,-1.260000,3.080000
4077,-0.020496,-0.173240,1.026752,-40.110001,-1.540000,-3.850000
4078,-0.015616,-0.171776,1.041880,-42.490002,-4.270000,-4.970000
4079,-0.014152,-0.182024,1.063352,-43.049999,-9.240000,-5.670000
4080,-0.006344,-0.169336,1.047736,-42.139999,-9.450000,-4.340000
4081,0.000976,-0.155672,1.047248,-39.480000,-8.820000,-3.500000
4082,0.000488,-0.164944,1.015040,-38.849998,-7.280000,-2.940000
4083,0.002928,-0.160064,0.973072,-42.000000,-7.210000,-2.100000
4084,0.017568,-0.159088,0.978440,-40.529999,-7.210000,0.840000
4085,0.001464,-0.175680,0.976976,-38.009998,-9.310000,0.910000
4086,0.005856,-0.202032,0.989176,-31.150000,-9.380000,0.840000
4088,0.005856,-0.245464,1.026264,-16.170000,-5.600000,-0.280000
4089,0.006344,-0.249368,1.026264,-15.680000,-3.850000,-0.280000
4090,0.007808,-0.232776,1.023824,-12.180000,-5.180000,1.120000
4091,0.005856,-0.222040,1.023336,-11.830000,-8.820000,2.590000
4092,0.011712,-0.208864,1.003816,-9.450000,-12.880000,4.410000
4093,0.008296,-0.212768,0.997472,-6.790000,-14.280000,4.900000
4094,0.016592,-0.217160,0.983320,-6.790000,-11.900000,6.790000
4095,0.013176,-0.223016,0.977464,-8.190000,-8.050000,7.980000
4096,0.014640,-0.216184,0.979904,-7.910000,-8.960000,7.630000
4097,0.009272,-0.237656,1.003328,-6.580000,-14.770000,6.090000
4098,0.007808,-0.259616,1.028216,-8.260000,-17.920000,3.360000
4099,0.012688,-0.255224,1.030656,-5.390000,-21.350000,1.330000
4100,0.010736,-0.257664,1.024312,-4.130000,-23.940001,-1.540000
4101,0.021960,-0.256200,1.013088,0.910000,-24.150000,-1.260000
4102,0.027816,-0.229360,0.996496,6.650000,-21.280001,0.070000
4103,0.031720,-0.215208,0.976488,5.390000,-17.150000,1.330000
4104,0.039040,-0.221552,0.969168,1.260000,-7.840000,6.090000
4105,0.040504,-0.198616,0.982344,-3.710000,-8.890000,7.700000
4106,0.043432,-0.205936,0.987224,-3.570000,-13.090000,8.400000
4107,0.030256,-0.245464,1.006256,-2.450000,-26.809999,6.580000
4108,0.034160,-0.125416,1.010160,3.010000,-25.620001,4.900000
4109,0.056608,-0.232288,1.016992,12.390000,-22.889999,8.330000
4110,0.048312,-0.231800,0.997472,21.840000,-16.590000,6.860000
4111,0.050264,-0.238144,0.985760,32.759998,-10.920000,6.790000
4112,0.054656,-0.222528,0.987224,45.639999,-8.890000,6.440000
4113,0.057584,-0.223992,1.006256,59.290001,-13.370000,7.770000
4114,0.059048,-0.207400,1.011136,64.260002,-17.010000,7.910000
4115,0.055144,-0.198616,1.022848,65.660004,-20.440001,5.180000
4116,0.044408,-0.165432,1.018944,54.599998,-19.459999,-0.490000
4118,0.069784,-0.151280,1.015528,44.520000,-17.780001,0.770000
4119,0.066856,-0.153232,1.012112,44.169998,-14.490000,3.920000
4120,0.075640,-0.142496,1.016992,46.270000,-13.510000,6.650000
4121,0.078568,-0.148840,1.022360,59.779999,-13.930000,13.860000
4122,0.075640,-0.138104,1.017480,69.860001,-14.910000,15.260000
4123,0.074664,-0.120536,1.030168,70.419998,-14.350000,14.350000
4124,0.069784,-0.122488,1.039928,72.870003,-11.970000,13.090000
4125,0.054656,-0.129320,1.039928,73.570000,-7.070000,4.270000
4126,0.066856,-0.110776,1.028216,69.860001,-3.080000,5.670000
4127,0.076616,-0.075152,1.027240,60.200001,-3.080000,7.630000
4128,0.081008,-0.061976,1.027728,58.240002,-1.680000,9.730000
4129,0.090280,-0.032696,1.024312,51.869999,-2.660000,16.379999
4130,0.082960,-0.018056,1.022360,44.099998,-3.220000,17.639999
4131,0.084912,-0.023424,1.030168,41.439999,1.190000,19.459999
4132,0.078080,-0.027328,1.055056,41.020000,5.390000,19.459999
4133,0.078568,-0.027328,1.050176,40.389999,6.230000,18.969999
4134,0.067832,-0.026840,1.029680,39.130001,4.760000,15.260000
4135,0.060512,-0.020008,1.029680,28.350000,5.810000,9.660000
4136,0.064416,0.006344,1.018456,20.090000,13.370000,6.090000
4137,0.063440,0.010248,1.016016,17.010000,16.240000,5.390000
4138,0.072224,0.034160,1.025288,20.299999,25.410000,7.420000
4139,0.063440,0.023424,1.026752,19.740000,34.160000,7.350000
4140,0.055144,0.019520,1.034072,0.070000,36.400002,4.200000
4141,0.046848,0.024400,1.029192,15.330000,39.830002,-3.500000
4142,0.041968,0.021960,1.019920,10.430000,38.849998,-5.040000
4143,0.037576,0.008296,1.029680,7.560000,39.689999,-6.020000
4144,0.040016,0.002440,1.028704,5.530000,42.000000,-2.240000
4146,0.009272,0.019032,1.037000,6.790000,37.029999,-3.710000
4147,-0.008784,0.022448,1.027728,5.320000,41.090000,-12.950000
4148,-0.009760,0.041968,1.025776,0.840000,48.160000,-16.450001
4149,0.005368,0.021960,1.033584,1.330000,61.040001,-14.140000
4150,-0.013664,0.022936,1.031632,0.770000,66.989998,-12.390000
4151,-0.025376,0.022448,1.024312,3.710000,67.480003,-10.220000
4152,-0.040992,0.015128,1.034072,3.150000,68.040001,-8.400000
4153,-0.045384,0.013176,1.026752,3.990000,74.970001,-6.930000
4154,-0.060024,0.016104,1.013576,2.450000,85.750000,-8.050000
4155,-0.091744,0.032696,1.008696,0.770000,81.830002,-10.080000
4156,-0.096624,0.031232,1.006744,-0.770000,56.980000,-8.820000
4157,-0.110776,0.025864,1.010648,0.280000,44.799999,-6.720000
4158,-0.122976,0.033672,1.036024,1.050000,25.270000,-4.550000
4159,-0.134688,0.014152,1.031144,-1.050000,12.530000,-5.390000
4160,-0.137128,0.009272,1.023336,-3.360000,8.050000,-7.980000
4161,-0.131760,0.019520,1.014064,-3.780000,9.520000,-10.360000
4162,-0.129808,0.026840,1.011624,-5.810000,11.970000,-11.270000
4163,-0.116632,0.033184,1.014552,0.420000,44.240002,-5.810000
4164,-0.122488,0.033672,1.005280,2.170000,62.860001,-2.100000
4165,-0.152256,0.040992,1.018944,1.330000,76.160004,-2.310000
4166,-0.153232,0.037576,1.012112,-0.210000,103.879997,-1.750000
4167,-0.185440,0.021960,1.004792,-0.560000,117.250000,-2.590000
4168,-0.205448,0.028792,1.012600,-3.150000,120.120003,-2.590000
4169,-0.236680,0.023912,1.027240,-2.730000,98.980003,0.840000
4170,-0.273768,0.008784,1.019432,0.140000,88.059998,3.290000
4171,-0.287432,0.000488,1.006256,2.450000,48.369999,7.630000
4172,-0.304024,-0.025864,1.019920,1.750000,7.140000,6.650000
4173,-0.303048,-0.007320,1.024312,2.170000,0.630000,2.170000
4174,-0.287920,-0.001464,1.017480,-1.400000,3.500000,-2.170000
4175,-0.271816,-0.003416,0.963312,-4.480000,1.470000,-3.080000
4176,-0.262544,0.034160,0.968680,-7.700000,9.940000,-3.570000
4178,-0.260104,0.026352,0.942328,-7.140000,30.870001,0.770000
4179,-0.251808,0.052704,0.978928,-11.200000,49.070000,0.000000
4180,-0.280112,0.025376,0.978440,-11.340000,67.339996,5.460000
4181,-0.308904,0.017568,0.995520,-13.930000,77.699997,4.970000
4182,-0.326960,0.006832,0.992592,-12.880000,73.919998,6.230000
4183,-0.340624,-0.005368,0.968192,-13.580000,64.540001,6.720000
4184,-0.344528,0.000488,0.961848,-14.560000,46.689999,4.970000
4185,-0.346480,-0.000976,0.931104,-20.510000,18.969999,1.400000
4186,-0.336720,-0.001464,0.939888,-22.959999,3.220000,3.780000
4187,-0.366000,-0.009760,0.970144,-19.950001,-4.480000,3.640000
4188,-0.362096,-0.018056,0.994544,-23.170000,-1.960000,1.330000
4189,-0.382104,-0.028304,1.002352,-25.270000,0.070000,-0.420000
4190,-0.362096,-0.024888,1.001376,-33.599998,1.120000,-0.070000
4191,-0.364048,-0.020496,0.989664,-48.369999,4.130000,-2.450000
4192,-0.353800,-0.018544,0.972584,-50.750000,5.390000,-2.800000
4193,-0.350872,-0.026840,0.977952,-60.200001,4.410000,-2.590000
4194,-0.357216,-0.044896,0.980880,-65.449997,3.780000,-0.420000
4195,-0.363560,-0.048800,0.975024,-68.040001,1.610000,-1.680000
4196,-0.367464,-0.069784,0.977952,-70.139999,0.210000,-3.500000
4197,-0.377712,-0.081984,0.993568,-69.160004,-0.280000,-6.370000
4198,-0.375272,-0.101504,0.987224,-71.820000,-6.440000,-8.540000
4199,-0.390400,-0.136152,0.992592,-67.129997,-15.960000,-7.560000
4200,-0.381616,-0.177144,1.000888,-60.060001,-28.980000,-0.910000
4201,-0.382592,-0.156648,1.032120,-60.060001,-32.830002,-1.190000
4202,-0.357704,-0.143960,1.008208,-73.080002,-41.720001,-3.570000
4203,-0.347456,-0.171776,0.967216,-90.720001,-47.389999,-5.670000
4204,-0.326472,-0.141520,0.928664,-115.919998,-42.070000,-14.420000
4205,-0.323056,-0.154208,0.883280,-106.050003,-28.840000,-12.320000
4207,-0.287920,-0.174704,0.870104,-78.540001,-10.080000,-4.060000
4208,-0.290848,-0.187880,0.909632,-65.169998,-7.630000,-6.370000
4209,-0.307928,-0.225944,0.930616,-64.470001,-8.750000,-10.430000
4210,-0.320128,-0.228872,0.970632,-59.430000,-13.090000,-14.140000
4211,-0.321104,-0.263520,0.983320,-61.740002,-21.209999,-18.549999
4212,-0.331352,-0.299632,0.974048,-76.300003,-32.270000,-22.889999
4213,-0.325984,-0.303048,0.986248,-87.570000,-21.980000,-27.719999
4214,-0.282552,-0.232776,0.901336,-85.610001,-35.980000,-26.389999
4215,-0.287432,-0.289872,0.878400,-63.840000,-31.500000,-23.660000
4216,-0.293288,-0.334768,0.896456,-59.080002,-26.250000,-20.299999
4217,-0.278160,-0.332816,0.896944,-56.630001,-11.550000,-20.719999
4218,-0.272304,-0.349896,0.902312,-51.450001,-14.980000,-17.780001
4219,-0.269376,-0.357216,0.900360,-50.680000,-27.230000,-22.049999
4220,-0.267424,-0.388448,0.901336,-54.250000,-32.270000,-27.790001
4221,-0.260592,-0.384056,0.941840,-55.160000,-38.080002,-24.360001
4222,-0.246928,-0.376248,0.949648,-55.860001,-44.450001,-20.860001
4223,-0.323056,-0.486048,1.023336,-57.959999,-35.070000,-15.610000
4224,-0.211792,-0.326472,0.892552,-52.639999,-38.919998,-13.930000
4225,-0.216184,-0.382592,0.868152,-37.310001,-31.780001,-9.170000
4226,-0.216672,-0.396744,0.884256,-31.500000,-16.030001,-7.070000
4227,-0.222040,-0.422120,0.904264,-26.950001,-10.290000,-4.900000
4228,-0.234240,-0.448960,0.892064,-24.290001,-7.070000,-8.470000
4229,-0.231312,-0.442128,0.909632,-22.330000,-18.410000,-15.610000
4230,-0.235704,-0.446520,0.918416,-29.820000,-33.110001,-19.459999
4231,-0.238144,-0.461648,0.887672,-29.120001,-59.290001,-22.400000
4232,-0.209840,-0.460184,0.931104,-32.200001,-70.980003,-19.740000
4233,-0.190808,-0.452376,0.917928,-24.639999,-67.690002,-17.639999
4234,-0.162992,-0.441640,0.935008,-13.650000,-57.330002,-12.460000
4237,-0.151768,-0.395280,0.854976,-10.080000,-72.169998,-20.299999
4238,-0.140544,-0.454328,0.881328,-8.120000,-77.910004,-28.350000
4239,-0.125416,-0.480680,0.913048,-9.940000,-66.220001,-22.820000
4240,-0.099064,-0.472384,0.918904,-12.110000,-36.049999,-10.850000
4241,-0.110288,-0.470432,0.905240,-12.040000,-29.889999,-9.520000
4242,-0.104432,-0.477752,0.913536,-10.150000,-22.400000,-10.640000
4243,-0.102968,-0.478728,0.913048,-9.800000,-23.660000,-11.550000
4244,-0.093696,-0.475312,0.920856,-9.450000,-23.660000,-11.830000
4245,-0.087840,-0.477264,0.910120,-4.690000,-28.559999,-12.880000
4246,-0.095160,-0.472384,0.901336,2.240000,-52.500000,-15.680000
4247,-0.074664,-0.480680,0.876936,4.060000,-59.639999,-14.910000
4248,-0.070760,-0.459208,0.877912,6.720000,-58.029999,-18.620001
4249,-0.035624,-0.436272,0.910608,2.310000,-42.840000,-15.890000
4250,-0.051728,-0.459208,0.887672,0.910000,-53.200001,-17.219999
4251,-0.043432,-0.491904,0.923296,-2.240000,-58.240002,-18.969999
4252,-0.035136,-0.503616,0.940864,-3.080000,-52.220001,-18.340000
4253,-0.011712,-0.500200,0.949648,-6.930000,-40.459999,-14.140000
4254,-0.012200,-0.480680,0.925736,-8.960000,-40.810001,-11.900000
4255,-0.017568,-0.452376,0.901824,-10.220000,-63.840000,-16.940001
4256,0.016104,-0.466040,0.874496,-2.870000,-59.919998,-9.240000
4257,-0.009272,-0.452864,0.862296,3.430000,-71.400002,-15.540000
4258,0.033672,-0.464088,0.870104,3.640000,-66.639999,-11.550000
4259,0.027328,-0.472384,0.884256,8.470000,-72.800003,-14.000000
4260,0.040016,-0.490440,0.903776,15.820000,-87.290001,-17.570000
4261,0.080032,-0.523136,0.945256,14.490000,-81.620003,-11.620000
4262,0.090280,-0.482144,0.952576,17.080000,-79.800003,-11.270000
4263,0.101504,-0.504592,0.899384,17.080000,-78.050003,-12.040000
4264,0.107848,-0.447496,0.892552,5.180000,-110.949997,-5.600000
4265,0.128832,-0.444568,0.917928,14.140000,-117.459999,-20.020000
4266,0.123952,-0.482144,0.917440,10.150000,-119.559998,-34.439999
4268,0.198616,-0.438712,0.872544,30.520000,-101.500000,-15.470000
4269,0.194224,-0.456280,0.868152,30.450001,-86.519997,-4.270000
4270,0.223992,-0.441152,0.881328,48.090000,-51.380001,-1.470000
4271,0.224968,-0.460672,0.893040,55.020000,-36.330002,2.940000
4272,0.209840,-0.447984,0.920856,56.560001,-22.469999,1.190000
4273,0.227408,-0.454816,0.952576,60.970001,-20.719999,-3.850000
4274,0.231800,-0.431392,0.966728,68.459999,-25.270000,-3.640000
4275,0.227896,-0.401136,0.949160,67.410004,-26.670000,-2.240000
4276,0.229360,-0.366000,0.930616,66.220001,-24.570000,1.470000
4277,0.215208,-0.351360,0.919880,65.379997,-20.860001,0.210000
4278,0.223992,-0.351360,0.911096,70.000000,-16.379999,-4.690000
4279,0.237168,-0.349408,0.923296,69.370003,-14.350000,-3.080000
4280,0.236192,-0.349896,0.946232,63.700001,-13.720000,-9.240000
4281,0.233752,-0.353800,0.952576,61.040001,-10.920000,-12.110000
4282,0.260104,-0.355264,0.960872,64.330002,-10.360000,-18.200001
4283,0.255224,-0.332328,0.970632,65.449997,-10.990000,-22.260000
4284,0.245952,-0.299144,0.956968,59.009998,-11.690000,-25.830000
4285,0.263520,-0.280112,0.944280,60.410000,-9.170000,-23.520000
4286,0.264008,-0.277184,0.936472,64.889999,-5.740000,-21.070000
4287,0.265472,-0.266936,0.934520,70.349998,-3.990000,-20.090000
4288,0.255712,-0.242048,0.931592,72.870003,-3.640000,-19.459999
4289,0.264984,-0.222528,0.942328,79.099998,-8.260000,-20.090000
4290,0.276208,-0.215696,0.970632,76.650002,-7.770000,-19.670000
4291,0.277672,-0.218624,0.982832,69.440002,-7.280000,-17.780001
4292,0.285480,-0.208864,0.987224,74.690002,-11.410000,-12.740000
4293,0.273280,-0.190808,0.994544,71.610001,-15.330000,-9.450000
4294,0.278160,-0.199592,0.977464,71.050003,-15.190000,-5.810000
4295,0.264496,-0.154208,0.957456,73.500000,-12.880000,-4.200000
4296,0.272304,-0.137128,0.947208,76.580002,-10.780000,-3.710000
4298,0.289384,-0.112240,0.975512,83.230003,-16.379999,-0.630000
4299,0.288408,-0.101992,0.992592,87.779999,-18.830000,-0.280000
4300,0.299144,-0.085888,0.993080,79.660004,-19.809999,4.550000
4301,0.280600,-0.064416,0.976976,56.490002,-13.790000,6.510000
4302,0.283040,-0.069296,0.974048,55.020000,-6.510000,4.270000
4303,0.294264,-0.056608,0.978928,51.730000,-2.030000,2.030000
4304,0.304512,-0.057096,1.016504,52.570000,-3.850000,-0.630000
4305,0.298656,-0.090280,1.038464,57.400002,-3.640000,-11.200000
4306,0.300608,-0.091744,1.028704,66.080002,-4.550000,-14.000000
4307,0.294264,-0.078568,1.011624,82.459999,-7.140000,-15.120000
4308,0.295240,-0.036112,0.993568,91.629997,-13.580000,-12.810000
4309,0.286456,-0.005368,0.968192,97.790001,-14.700000,-15.190000
4310,0.283528,0.028304,0.942328,102.339996,-11.480000,-14.840000
4311,0.292800,0.070760,0.927200,90.510002,-13.720000,-11.270000
4312,0.292312,0.075152,0.959408,82.250000,-7.560000,-11.970000
4313,0.299144,0.088328,0.966240,72.099998,-1.610000,-8.260000
4314,0.287432,0.085888,0.986248,59.779999,3.710000,-9.660000
4315,0.300608,0.078568,1.004304,54.599998,5.530000,-15.330000
4316,0.306464,0.093696,1.001376,51.380001,5.460000,-14.490000
4317,0.305976,0.110288,0.998936,48.299999,7.140000,-15.260000
4318,0.314760,0.135176,0.996008,49.630001,7.840000,-14.000000
4319,0.307440,0.137616,0.982832,64.120003,5.670000,-8.260000
4320,0.299632,0.143960,0.976976,70.419998,1.750000,-8.540000
4321,0.299144,0.152256,0.971608,70.559998,2.940000,-7.490000
4322,0.275720,0.133712,0.955016,69.790001,1.540000,-8.190000
4323,0.284992,0.170800,0.966240,61.599998,10.710000,-10.570000
4324,0.276208,0.187880,0.948184,50.680000,20.580000,-11.830000
4326,0.290848,0.224968,0.973072,46.200001,22.750000,-10.990000
4327,0.271816,0.219600,0.996984,33.320000,23.100000,-10.010000
4328,0.258640,0.223992,1.005768,25.129999,25.129999,-11.830000
4329,0.256688,0.243512,0.990152,24.709999,28.209999,-11.410000
4330,0.257664,0.222528,0.940376,29.260000,22.680000,-9.240000
4331,0.250344,0.222528,0.943304,30.730000,25.340000,-8.470000
4332,0.246440,0.249368,0.962824,30.730000,24.850000,-10.290000
4333,0.248392,0.228872,0.950136,37.520000,46.619999,-16.590000
4334,0.235216,0.251808,0.941352,31.290001,47.599998,-17.570000
4335,0.222040,0.251320,0.944280,35.419998,58.939999,-13.860000
4336,0.225456,0.291336,0.971608,38.080002,74.480003,-16.170000
4337,0.209352,0.280600,1.000888,47.110001,85.120003,-18.340000
4338,0.165920,0.319152,0.985760,31.080000,77.839996,-21.980000
4339,0.161528,0.308416,1.006256,18.059999,70.980003,-24.570000
4340,0.151768,0.305488,0.991128,-1.120000,50.119999,-22.680000
4341,0.147864,0.296704,0.989664,-7.700000,32.549999,-21.420000
4342,0.140544,0.291336,0.960872,-14.630000,20.160000,-19.879999
4343,0.136640,0.286944,0.947208,-22.680000,15.960000,-24.150000
4344,0.123952,0.280112,0.952088,-25.480000,17.500000,-26.320000
4345,0.135176,0.275720,0.983808,-24.219999,15.610000,-25.200001
4346,0.144936,0.286456,0.986736,-6.440000,15.050000,-12.950000
4347,0.129320,0.286456,0.999424,2.380000,17.360001,-12.040000
4348,0.105408,0.265472,1.006256,3.920000,26.950001,-10.640000
4349,0.099064,0.264496,0.980392,16.030001,61.389999,-9.170000
4350,0.087840,0.279624,0.976976,19.809999,68.459999,-12.110000
4351,0.095160,0.282552,0.954528,24.639999,73.080002,-8.330000
4352,0.078080,0.284016,0.955992,33.110001,75.320000,-6.790000
4353,0.065392,0.299144,0.968680,32.200001,74.480003,-6.580000
4354,0.060512,0.289384,0.980392,35.980000,71.400002,0.840000
4356,0.021960,0.304512,0.987712,24.990000,44.240002,-0.770000
4357,0.013176,0.308904,0.993080,9.870000,13.510000,17.570000
4358,0.010736,0.307928,1.009672,-0.630000,1.750000,-0.140000
4360,0.011712,0.316224,0.986248,8.260000,9.030000,4.970000
4361,0.000488,0.304512,0.934520,27.650000,17.290001,4.340000
4362,0.006344,0.313784,0.956480,48.439999,34.860001,6.370000
4363,-0.024400,0.330864,0.963800,66.360001,73.150002,-2.310000
4364,-0.000976,0.345016,0.948184,56.910000,81.059998,-5.530000
4365,-0.015128,0.363072,0.961360,39.410000,73.779999,-2.170000
4366,-0.040016,0.370880,0.984784,40.599998,74.059998,-1.610000
4367,-0.063928,0.361608,1.009672,43.540001,72.029999,2.940000
4368,-0.080032,0.375760,0.976976,47.040001,62.580002,3.010000
4369,-0.091256,0.361608,0.962336,31.360001,36.119999,-1.470000
4370,-0.097600,0.370880,0.949160,15.960000,19.740000,-6.230000
4371,-0.084424,0.386984,0.962336,-7.840000,8.260000,-8.820000
4372,-0.071736,0.400160,0.955016,-8.750000,12.740000,-3.570000
4373,-0.080032,0.398208,0.943792,-3.780000,15.190000,-0.070000
4374,-0.089304,0.376248,0.934032,-5.740000,22.540001,1.610000
4375,-0.087840,0.375272,0.928664,4.900000,27.510000,9.730000
4376,-0.096136,0.371856,0.977464,-1.120000,37.450001,15.190000
4377,-0.093696,0.393328,1.022848,-9.940000,76.160004,15.960000
4378,-0.119072,0.396744,0.948184,-20.440001,79.169998,13.720000
4379,-0.117120,0.378688,0.947208,-26.879999,74.339996,17.150000
4381,-0.142984,0.342576,0.911584,-68.180000,36.330002,11.270000
4382,-0.154696,0.352336,0.918416,-77.070000,19.530001,3.500000
4383,-0.153720,0.362584,0.948184,-82.320000,15.120000,2.450000
4384,-0.159576,0.337696,0.979904,-84.489998,14.000000,3.850000
4385,-0.181048,0.297680,1.039440,-82.669998,7.840000,0.420000
4386,-0.198128,0.278160,1.047736,-85.680000,6.720000,1.400000
4387,-0.184464,0.284016,1.031144,-95.900002,14.630000,-0.630000
4388,-0.193248,0.248880,0.999424,-94.360001,18.480000,-5.530000
4389,-0.194224,0.232288,0.991128,-91.279999,21.490000,-7.840000
4390,-0.177632,0.233752,0.968192,-94.500000,24.360001,-11.480000
4391,-0.164456,0.231312,0.936960,-99.190002,27.299999,-14.980000
4392,-0.161528,0.221552,0.931592,-93.029999,26.879999,-14.000000
4393,-0.168848,0.198616,0.934520,-83.019997,23.590000,-11.060000
4394,-0.185928,0.172264,0.979904,-56.840000,17.360001,-6.510000
4395,-0.203008,0.167384,1.000400,-49.700001,14.560000,-7.000000
4396,-0.231800,0.132248,1.041880,-55.860001,15.890000,-10.010000
4397,-0.250344,0.119560,1.075552,-58.730000,22.049999,-12.180000
4398,-0.249856,0.126880,1.070672,-67.900002,34.860001,-20.230000
4399,-0.246440,0.123952,1.046760,-82.669998,46.830002,-26.389999
4400,-0.234728,0.121512,0.979904,-95.410004,57.959999,-36.259998
4401,-0.232288,0.083936,0.952088,-81.690002,59.779999,-24.080000
4402,-0.222528,0.084424,0.926712,-80.989998,52.570000,-20.650000
4403,-0.218624,0.010736,0.927200,-63.630001,38.360001,6.370000
4404,-0.248392,0.079544,0.928176,-53.410000,31.850000,6.720000
4405,-0.266936,0.063440,0.933056,-42.840000,35.910000,7.210000
4406,-0.290848,0.001952,0.971608,-32.200001,36.540001,7.560000
4407,-0.309392,-0.008296,1.021872,-34.090000,38.220001,8.190000
4408,-0.345504,-0.030256,1.067744,-43.049999,36.259998,4.690000
4409,-0.342088,-0.018056,1.105808,-56.209999,41.369999,6.370000
4410,-0.344528,-0.016592,1.049688,-55.299999,35.279999,0.280000
4413,-0.321104,-0.056120,0.926712,-66.150002,23.799999,-3.990000
4414,-0.324520,0.019032,0.915976,-66.080002,10.430000,-8.680000
4415,-0.325008,-0.052704,0.910120,-52.919998,7.280000,-5.180000
4416,-0.311344,-0.075640,0.933056,-52.290001,6.580000,-4.900000
4417,-0.332816,-0.082472,0.941352,-50.189999,6.650000,-4.270000
4418,-0.341600,-0.094184,0.983320,-43.330002,9.940000,-1.120000
4419,-0.356728,-0.107360,0.998448,-42.560001,8.610000,-2.940000
4420,-0.372344,-0.115656,1.009672,-43.119999,2.590000,-4.690000
4421,-0.356728,-0.099064,1.008208,-49.279999,-1.190000,-5.670000
4422,-0.351848,-0.115168,0.970144,-53.130001,-3.220000,-8.540000
4423,-0.336720,-0.123952,0.944280,-56.349998,-7.490000,-10.570000
4424,-0.321104,-0.125904,0.930128,-61.110001,-11.480000,-8.680000
4425,-0.316712,-0.114680,0.908656,-63.349998,-10.640000,-9.730000
4426,-0.325496,-0.139568,0.941352,-67.059998,-1.750000,-10.360000
4427,-0.332816,-0.160552,0.941352,-69.019997,3.500000,-13.160000
4428,-0.334768,-0.175192,0.947208,-70.489998,7.770000,-16.870001
4429,-0.355264,-0.212768,0.990640,-62.369999,9.100000,-16.030001
4430,-0.374296,-0.245464,0.990152,-59.430000,7.630000,-16.520000
4431,-0.360632,-0.231312,0.976976,-53.480000,3.220000,-17.150000
4432,-0.352336,-0.234728,0.961360,-50.540001,-6.440000,-13.790000
4433,-0.353312,-0.252784,0.937448,-47.880001,-9.870000,-11.970000
4434,-0.338672,-0.237168,0.916464,-47.880001,-11.200000,-13.020000
4435,-0.326960,-0.247416,0.918904,-50.540001,-14.350000,-13.300000
4436,-0.327448,-0.244488,0.918416,-53.410000,-14.560000,-16.030001
4437,-0.328424,-0.255224,0.922320,-50.750000,-15.120000,-15.330000
4438,-0.332328,-0.280112,0.941840,-49.139999,-13.440000,-14.420000
4440,-0.339648,-0.305976,0.964288,-67.410004,-6.650000,-23.379999
4442,-0.325984,-0.326960,0.944280,-71.470001,-12.950000,-23.309999
4444,-0.311344,-0.341112,0.873520,-61.810001,-14.490000,-26.180000
4445,-0.294264,-0.336720,0.884744,-51.660000,-9.870000,-23.660000
4446,-0.287920,-0.338672,0.887672,-49.910000,-11.480000,-23.590000
4447,-0.295728,-0.354288,0.896944,-51.380001,-14.490000,-24.780001
4448,-0.289872,-0.373808,0.908168,-49.630001,-12.530000,-20.930000
4449,-0.287920,-0.497272,0.930128,-50.400002,-14.980000,-17.150000
4450,-0.302072,-0.425536,0.921344,-54.250000,-25.129999,-17.500000
4451,-0.317688,-0.442616,0.920856,-61.599998,-27.020000,-24.080000
4452,-0.318664,-0.453840,0.915000,-55.369999,-23.870001,-24.990000
4453,-0.295728,-0.453840,0.916464,-56.980000,-28.420000,-26.670000
4454,-0.284016,-0.445056,0.905240,-57.820000,-31.990000,-32.270000
4455,-0.270352,-0.434808,0.886696,-67.269997,-37.240002,-33.740002
4456,-0.256688,-0.455304,0.868152,-69.019997,-40.950001,-33.180000
4457,-0.248880,-0.457744,0.859856,-67.339996,-40.250000,-32.830002
4458,-0.241072,-0.479216,0.837408,-64.120003,-38.360001,-32.200001
4459,-0.230824,-0.488000,0.846680,-37.310001,-21.700001,-31.080000
4460,-0.229360,-0.522160,0.864248,-31.500000,-13.230000,-35.349998
4461,-0.227408,-0.525088,0.865224,-28.070000,-13.440000,-33.459999
4462,-0.220576,-0.512888,0.881328,-25.480000,-13.860000,-32.619999
4463,-0.217160,-0.509960,0.897432,-29.469999,-16.799999,-30.030001
4464,-0.221064,-0.522160,0.886696,-30.590000,-24.010000,-30.170000
4465,-0.215208,-0.546560,0.902800,-52.779999,-36.400002,-26.670000
4466,-0.186904,-0.548512,0.897432,-61.180000,-49.770000,-20.370001
4467,-0.216184,-0.546072,0.862296,-66.010002,-52.360001,-26.320000
4468,-0.160064,-0.549000,0.830088,-56.070000,-51.029999,-20.510000
4469,-0.169336,-0.542168,0.774456,-43.400002,-45.500000,-18.969999
4470,-0.159576,-0.564616,0.772016,-27.440001,-44.660000,-21.980000
4472,-0.146888,-0.593408,0.846192,-22.610001,-33.180000,-24.709999
4473,-0.151768,-0.601216,0.859856,-26.040001,-42.070000,-24.709999
4474,-0.138104,-0.608048,0.872544,-26.670000,-50.750000,-25.969999
4475,-0.135664,-0.610488,0.869128,-25.620001,-57.889999,-28.910000
4476,-0.095160,-0.604632,0.836920,-24.990000,-55.299999,-23.870001
4477,-0.088816,-0.580720,0.828136,-24.920000,-52.080002,-19.809999
4478,-0.078568,-0.584136,0.819352,-30.730000,-58.450001,-19.670000
4479,-0.099064,-0.584136,0.771528,-30.940001,-70.769997,-29.750000
4480,-0.070272,-0.593896,0.779824,-23.590000,-71.260002,-32.970001
4481,-0.062464,-0.601216,0.794952,-17.780001,-77.699997,-33.459999
4482,-0.046848,-0.618784,0.819840,-9.170000,-86.660004,-34.720001
4483,-0.022936,-0.627568,0.851072,-4.200000,-89.669998,-33.110001
4484,0.002928,-0.623176,0.869128,-1.820000,-88.690002,-31.709999
4485,0.016592,-0.637328,0.839360,1.120000,-89.110001,-25.200001
4486,0.030256,-0.616832,0.816424,7.490000,-82.110001,-19.180000
4487,0.044408,-0.617808,0.821304,13.860000,-82.949997,-13.230000
4488,0.062952,-0.633912,0.824720,24.360001,-92.330002,-14.070000
4489,0.067344,-0.612928,0.808128,31.639999,-88.339996,-10.780000
4490,0.092232,-0.607072,0.799832,35.560001,-76.860001,-11.830000
4491,0.086864,-0.588528,0.793976,41.299999,-63.490002,-11.130000
4492,0.082472,-0.573888,0.813008,49.630001,-52.500000,-10.010000
4493,0.089792,-0.590480,0.846192,51.310001,-40.810001,-11.830000
4494,0.090768,-0.604144,0.845704,54.180000,-36.540001,-11.410000
4495,0.104920,-0.590480,0.861320,60.130001,-29.260000,-9.310000
4496,0.116632,-0.578768,0.869616,65.660004,-29.260000,-6.020000
4497,0.118584,-0.553880,0.877424,67.199997,-33.950001,-6.720000
4498,0.113704,-0.547048,0.863760,60.200001,-29.540001,-7.210000
4499,0.123464,-0.531920,0.855464,53.480000,-20.860001,-6.510000
4500,0.131760,-0.513376,0.844728,51.730000,-18.340000,-4.690000
4502,0.137616,-0.497272,0.877912,51.660000,-25.760000,-14.840000
4503,0.140056,-0.508008,0.880352,53.410000,-28.840000,-19.530001
4504,0.166896,-0.505080,0.905728,56.419998,-32.619999,-18.340000
4507,0.164456,-0.472872,0.919880,42.770000,-23.520000,-11.200000
4508,0.172264,-0.475800,0.915976,41.369999,-25.830000,-8.050000
4509,0.165432,-0.457744,0.907680,41.790001,-31.850000,-4.620000
4510,0.177144,-0.451888,0.899872,45.990002,-32.759998,-9.590000
4511,0.181048,-0.441640,0.914024,50.540001,-42.209999,-15.540000
4512,0.196176,-0.430416,0.920856,51.380001,-49.770000,-16.799999
4513,0.210328,-0.402600,0.915976,73.639999,-68.389999,-27.299999
4514,0.195200,-0.370880,0.911584,68.320000,-78.680000,-27.160000
4515,0.191296,-0.396744,0.922808,65.519997,-87.570000,-27.650000
4516,0.246440,-0.400648,0.957456,57.959999,-78.750000,-21.350000
4517,0.274256,-0.396256,0.930128,54.599998,-56.000000,-17.639999
4518,0.269376,-0.401624,0.966728,45.500000,-32.270000,-11.410000
4519,0.261568,-0.400160,0.940376,33.459999,-27.230000,-11.550000
4520,0.280600,-0.386008,0.944280,29.120001,-22.260000,-10.150000
4521,0.286456,-0.362096,0.943304,31.780001,-14.280000,-10.220000
4522,0.293776,-0.350384,0.923296,34.790001,-9.100000,-11.480000
4524,0.283040,-0.320616,0.882792,42.070000,-2.800000,-7.770000
4525,0.285968,-0.315248,0.883768,44.939999,0.420000,-1.260000
4526,0.303048,-0.299632,0.935496,50.610001,-0.910000,4.760000
4527,0.289384,-0.309880,0.954040,54.110001,-4.130000,3.220000
4528,0.292800,-0.329888,0.970144,55.720001,-10.220000,2.800000
4529,0.294752,-0.304512,0.981856,55.369999,-11.200000,-1.680000
4530,0.299144,-0.299632,0.976488,56.070000,-8.820000,-1.610000
4531,0.270352,-0.269864,0.954528,54.669998,-7.910000,-13.860000
4532,0.281088,-0.265960,0.937936,53.759998,-5.040000,-15.820000
4533,0.284016,-0.242536,0.938424,54.389999,-2.380000,-19.389999
4534,0.270352,-0.235216,0.922320,57.750000,4.480000,-20.860001
4535,0.290848,-0.223992,0.941352,53.759998,2.310000,-18.410000
4537,0.307440,-0.211304,0.965264,70.349998,-7.980000,-11.830000
4538,0.312808,-0.205936,0.982344,81.760002,-12.250000,-13.790000
4539,0.310368,-0.187392,0.980880,92.260002,-14.140000,-14.350000
4540,0.298656,-0.187392,0.966240,103.389999,-12.880000,-20.299999
4541,0.284992,-0.183000,0.977464,101.849998,-3.430000,-25.760000
4542,0.288896,-0.145424,0.954040,98.139999,3.010000,-27.510000
4543,0.293288,-0.118096,0.958920,98.070000,6.790000,-30.309999
4544,0.287432,-0.080520,0.958920,95.199997,4.410000,-33.320000
4545,0.294752,-0.082472,0.983808,80.709999,7.980000,-29.049999
4546,0.298656,-0.065880,0.982832,77.559998,9.730000,-28.840000
4547,0.297680,-0.061488,0.969656,78.540001,14.420000,-26.459999
4548,0.284992,-0.027816,0.957456,82.809998,16.379999,-26.389999
4549,0.303048,-0.033672,0.957456,94.150002,22.190001,-21.490000
4550,0.279136,-0.017080,0.947208,111.510002,19.459999,-17.990000
4551,0.283040,0.004880,1.015528,133.770004,27.020000,-23.240000
4552,0.299144,0.037576,1.016016,153.300003,22.260000,-29.750000
4553,0.288896,0.061976,1.032120,184.589996,11.270000,-38.919998
4554,0.275232,0.105408,1.027240,180.669998,-1.050000,-34.299999
4555,0.275720,0.155184,1.003328,161.559998,-2.450000,-32.130001
4556,0.258152,0.164944,0.995520,151.199997,0.000000,-30.240000
4557,0.250344,0.193248,0.970632,144.339996,5.600000,-34.090000
4558,0.248880,0.213744,0.970632,137.339996,10.570000,-36.610001
4559,0.236680,0.242536,0.969656,68.599998,17.639999,-30.520000
4560,0.244976,0.260592,0.949648,46.340000,18.340000,-29.330000
4561,0.241560,0.275232,0.956480,24.080000,21.350000,-28.700001
4562,0.258152,0.275232,0.962824,11.550000,26.530001,-23.309999
4563,0.232776,0.267912,0.947696,16.379999,29.889999,-22.610001
4564,0.235704,0.265960,0.959896,32.410000,35.000000,-22.820000
4565,0.232288,0.294752,0.956480,43.959999,38.849998,-25.200001
4566,0.239120,0.278160,0.967704,46.200001,46.759998,-26.180000
4567,0.224968,0.278648,0.955504,70.489998,43.889999,-18.620001
4569,0.203496,0.315248,0.978928,78.190002,29.610001,-13.230000
4570,0.187880,0.308904,0.957456,59.150002,28.490000,-12.390000
4571,0.174216,0.323056,0.926712,39.130001,26.040001,-13.230000
4572,0.152744,0.332816,0.935008,24.780001,26.530001,-20.020000
4573,0.161528,0.340624,0.931104,11.970000,15.190000,-21.629999
4574,0.158112,0.347944,0.940864,-18.410000,8.750000,-21.559999
4575,0.176656,0.370392,0.973560,-34.160000,8.330000,-19.670000
4576,0.176656,0.366488,1.004792,-25.969999,11.550000,-14.420000
4577,0.172264,0.348432,0.967704,-7.630000,9.660000,-9.940000
4578,0.169336,0.338672,0.952576,21.559999,11.970000,-2.940000
4579,0.164944,0.329400,0.903288,43.330002,20.230000,19.180000
4580,0.189832,0.283528,0.954040,74.410004,40.740002,29.959999
4581,0.102968,0.439688,0.938912,72.099998,52.639999,-1.960000
4582,0.141520,0.407968,0.931104,64.820000,60.900002,-8.750000
4583,0.125904,0.397232,0.922320,48.790001,43.400002,-9.100000
4584,0.102968,0.447008,0.954040,39.270000,41.509998,-6.020000
4585,0.112240,0.404552,0.950624,21.910000,59.430000,-8.050000
4586,0.105408,0.382104,0.915976,18.129999,63.770000,-2.030000
4587,0.060512,0.433344,1.003328,14.840000,62.930000,-8.820000
4588,0.069296,0.411872,0.954528,3.780000,66.080002,-14.910000
4589,0.084912,0.408456,0.973072,1.960000,65.589996,-10.150000
4590,0.067832,0.423584,0.935496,8.260000,67.480003,-7.560000
4591,0.065880,0.406016,0.941352,10.290000,61.320000,2.940000
4592,0.054168,0.395768,0.885232,18.059999,53.410000,20.370001
4593,0.051728,0.360144,0.879376,32.480000,44.799999,36.470001
4595,-0.002928,0.396256,0.913536,6.510000,76.650002,17.150000
4596,-0.016592,0.406016,0.921832,-25.760000,71.400002,5.600000
4597,-0.003904,0.430416,0.933544,-39.549999,63.840000,-6.020000
4598,-0.038064,0.393328,0.955016,-52.570000,22.049999,-8.470000
4599,-0.039528,0.409920,1.011624,-67.830002,36.820000,-13.020000
4600,-0.011712,0.447008,0.929152,-74.199997,21.700001,-16.730000
4601,-0.019520,0.373320,0.936472,-74.900002,16.309999,-12.880000
4602,-0.048800,0.350384,0.938912,-85.750000,13.020000,-16.100000
4603,-0.055632,0.330864,0.946232,-87.220001,23.520000,-14.980000
4604,-0.043920,0.327936,0.935008,-93.099998,27.440001,-18.969999
4605,-0.035624,0.318176,0.963800,-108.220001,29.330000,-18.900000
4606,-0.058560,0.295240,0.992592,-107.309998,30.170000,-18.900000
4607,-0.070760,0.286944,1.006256,-109.900002,31.360001,-21.559999
4608,-0.062464,0.231800,1.027240,-131.320007,29.680000,-26.320000
4609,-0.120048,0.191784,1.049688,-125.650002,30.799999,-28.139999
4610,-0.101992,0.203008,1.047248,-129.080002,33.740002,-37.240002
4611,-0.095648,0.190808,1.040416,-121.309998,27.719999,-35.419998
4612,-0.099064,0.199592,1.031144,-114.940002,24.709999,-31.080000
4613,-0.100040,0.149816,0.964776,-88.480003,9.870000,-25.830000
4614,-0.108336,0.140056,0.961360,-78.889999,7.560000,-24.780001
4615,-0.103944,0.134200,0.955504,-75.389999,8.330000,-25.410000
4616,-0.096624,0.125416,1.001864,-75.040001,12.670000,-24.850000
4617,-0.110776,0.095160,1.023824,-71.820000,35.700001,-21.770000
4618,-0.121512,0.066856,1.043344,-81.970001,19.600000,-23.799999
4619,-0.123464,0.065880,1.049688,-106.400002,13.440000,-28.980000
4620,-0.140544,0.034160,1.056520,-134.190002,5.950000,-53.619999
4621,-0.141520,-0.009272,1.058960,-141.119995,4.340000,-38.779999
4622,-0.134688,0.025864,1.041880,-133.630005,2.660000,-37.169998
4623,-0.127368,-0.003904,1.011136,-116.129997,3.080000,-32.410000
4624,-0.120536,-0.024888,0.989664,-100.589996,-7.980000,-22.959999
4625,-0.117608,-0.052216,0.953552,-98.000000,-11.900000,-21.980000
4627,-0.130296,-0.095648,0.961360,-33.880001,-11.200000,-9.590000
4628,-0.138592,-0.122488,1.031144,-26.950001,-7.630000,-10.990000
4629,-0.135176,-0.117608,1.065792,-41.369999,2.940000,-12.600000
4630,-0.132248,-0.109312,1.073600,-49.419998,8.540000,-14.910000
4631,-0.132736,-0.104920,1.063352,-66.639999,9.170000,-17.430000
4632,-0.115656,-0.105896,1.053592,-91.699997,6.230000,-17.709999
4633,-0.115168,-0.174216,1.016992,-109.900002,-9.730000,-12.040000
4634,-0.103944,-0.198616,1.015040,-122.010002,-9.590000,-5.740000
4635,-0.119072,-0.229360,0.971120,-128.520004,-45.709999,5.950000
4636,-0.114680,-0.212768,0.980392,-119.629997,-42.980000,11.690000
4637,-0.130784,-0.206424,0.939400,-101.010002,-18.340000,4.970000
4638,-0.107360,-0.222040,0.918416,-72.800003,-33.389999,2.310000
4639,-0.101016,-0.238632,0.962824,-36.330002,-29.120001,4.200000
4640,-0.092720,-0.256200,1.001864,-25.620001,-31.080000,6.860000
4641,-0.107360,-0.318664,1.023336,-15.680000,-26.110001,4.830000
4642,-0.085888,-0.277672,1.052616,-11.060000,-13.300000,9.170000
4643,-0.101504,-0.292800,1.030656,-20.510000,-10.500000,5.950000
4644,-0.089304,-0.278648,0.985272,-42.139999,-12.530000,5.740000
4645,-0.084912,-0.284504,0.960872,-45.570000,-13.370000,4.900000
4646,-0.082472,-0.275232,0.936960,-48.580002,-14.910000,3.290000
4647,-0.089304,-0.297192,0.923296,-31.780001,-9.030000,2.660000
4648,-0.078080,-0.302072,0.944280,-21.139999,-6.860000,2.940000
4649,-0.077104,-0.304024,0.975024,-8.190000,-7.210000,3.430000
4650,-0.086376,-0.309392,1.000888,-6.860000,-7.840000,1.610000
4651,-0.081496,-0.321592,1.023824,-7.140000,-8.890000,1.750000
4652,-0.083936,-0.309880,1.017480,-2.590000,-12.250000,-2.380000
4653,-0.076128,-0.317688,1.017968,-0.420000,-21.350000,0.490000
4654,-0.074664,-0.301584,1.012112,2.660000,-18.270000,-2.030000
4657,-0.074664,-0.294264,0.924272,3.500000,8.820000,-10.290000
4659,-0.063440,-0.270840,0.990640,2.590000,8.330000,-22.260000
4660,-0.060512,-0.312320,1.009672,6.370000,-4.060000,-20.160000
4661,-0.069296,-0.317688,1.017968,9.170000,-9.310000,-20.020000
4662,-0.060512,-0.320128,1.006744,12.530000,-15.610000,-15.050000
4663,-0.054168,-0.328424,0.983808,18.410000,-14.770000,-9.450000
4664,-0.051728,-0.295728,0.972096,31.850000,-15.540000,-6.300000
4665,-0.048800,-0.276696,0.964288,38.150002,-15.330000,-4.690000
4666,-0.050752,-0.277672,0.975512,45.080002,-13.790000,-5.740000
4667,-0.051728,-0.258640,0.990152,44.869999,-13.650000,-5.950000
4668,-0.061488,-0.256688,0.990152,39.130001,-15.820000,-8.470000
4669,-0.056608,-0.266448,1.014064,29.120001,-20.930000,-12.250000
4670,-0.059048,-0.256688,1.007720,27.440001,-22.540001,-16.240000
4671,-0.039528,-0.265960,1.010648,30.590000,-20.930000,-19.389999
4672,-0.012688,-0.185928,1.119472,33.250000,-19.740000,-19.459999
4673,-0.027816,-0.283040,1.037488,27.790001,-2.240000,-12.810000
4674,-0.029280,-0.225456,0.994056,21.490000,-0.980000,-12.180000
4675,-0.024400,-0.222040,0.980392,35.980000,1.190000,-3.010000
4676,-0.016592,-0.218624,0.965752,43.330002,-2.030000,2.940000
4677,-0.016592,-0.205936,0.986736,53.130001,-3.990000,12.600000
4678,-0.024400,-0.211792,0.998936,61.669998,-4.060000,19.250000
4679,-0.032696,-0.202520,1.023824,60.410000,-5.530000,21.000000
4680,-0.033672,-0.210328,1.027240,50.049999,-9.170000,22.680000
4681,-0.033672,-0.180560,1.035048,39.619999,-8.330000,24.080000
4682,-0.036112,-0.187392,1.026264,35.770000,-7.490000,22.540001
4683,-0.039528,-0.172264,1.010648,31.150000,-4.270000,12.740000
4684,-0.036112,-0.175680,0.996008,31.639999,-0.770000,11.480000
4685,-0.029768,-0.153232,0.996496,34.720001,-0.490000,10.150000
4686,-0.030744,-0.157136,0.988688,43.119999,-2.660000,8.750000
4687,-0.021960,-0.144448,1.009672,51.029999,-4.340000,11.900000
4688,-0.025376,-0.130784,1.018944,47.880001,-4.270000,14.490000
4689,-0.029280,-0.136640,1.026752,45.150002,-5.110000,16.100000
4690,-0.023912,-0.110776,1.036512,36.540001,-4.550000,16.240000
4691,-0.037088,-0.102968,1.059448,21.629999,-1.750000,11.130000
4692,-0.039528,-0.118584,1.075552,12.600000,-1.610000,8.820000
4693,-0.050264,-0.120536,1.072624,8.120000,1.120000,3.080000
4694,-0.046360,-0.106872,1.045784,4.480000,0.910000,-3.710000
4695,-0.038064,-0.095648,1.016504,2.100000,-1.400000,-9.240000
4696,-0.024888,-0.090280,0.998448,0.070000,-0.630000,-8.540000
4697,-0.024400,-0.082960,0.987224,0.910000,1.540000,-5.530000
4698,-0.027816,-0.081984,1.123864,4.690000,4.830000,-1.750000
4699,-0.028792,-0.111264,1.026264,8.050000,3.290000,0.350000
4700,-0.041480,-0.125904,1.058472,8.610000,2.660000,0.840000
4701,-0.052704,-0.121024,1.058960,3.290000,2.240000,-2.030000
4702,-0.040016,-0.107360,1.048712,3.710000,0.070000,-2.800000
4703,-0.040992,-0.101016,1.025776,2.590000,-2.940000,-4.060000
4704,-0.038064,-0.102968,1.016992,3.220000,-3.500000,-1.820000
4705,-0.035624,-0.088816,1.009672,6.650000,-1.680000,-1.050000
4706,-0.035624,-0.090768,1.009672,4.900000,-0.490000,-1.400000
4707,-0.035624,-0.101504,1.024800,4.270000,0.140000,-1.890000
4708,-0.036112,-0.098088,1.027240,0.840000,0.210000,-1.750000
4709,-0.044896,-0.101992,1.021384,-4.340000,0.840000,-4.550000
4710,-0.040992,-0.097600,1.016016,-6.720000,1.820000,-5.810000
4711,-0.034648,-0.084424,1.023336,-6.090000,2.590000,-4.340000
4712,-0.041968,-0.085400,1.024800,-6.300000,1.680000,-4.550000
4713,-0.040016,-0.090768,1.023336,-5.600000,-0.840000,-4.060000
4715,-0.037576,-0.101016,1.026752,-7.560000,-2.450000,-3.080000
4716,-0.041968,-0.106872,1.030168,-7.700000,0.910000,-2.870000
4717,-0.045872,-0.122000,1.030656,-0.490000,1.750000,-0.420000
4718,-0.042456,-0.109800,1.026264,7.630000,0.910000,1.190000
4719,-0.040016,-0.106872,1.016504,9.800000,2.590000,1.540000
4720,-0.046848,-0.102480,1.011624,9.800000,0.490000,-1.890000
4721,-0.043920,-0.109312,1.022848,2.870000,2.310000,-3.430000
4722,-0.042944,-0.101016,1.022848,-1.470000,2.870000,-4.900000
4723,-0.041480,-0.090280,1.020896,-3.920000,0.490000,-3.080000
4724,-0.044408,-0.101504,1.032120,-2.310000,1.680000,1.820000
4725,-0.040992,-0.098576,1.026752,0.280000,0.630000,4.830000
4726,-0.046360,-0.104432,1.022848,3.570000,-0.490000,6.090000
4727,-0.042944,-0.104920,1.020896,1.610000,-4.410000,6.720000
4728,-0.049288,-0.108336,1.024800,-1.750000,-5.320000,1.050000
4729,-0.051240,-0.096136,1.034072,-0.140000,-6.230000,1.120000
4730,-0.044408,-0.088328,1.036024,0.490000,-6.370000,1.330000
4731,-0.039040,-0.093208,1.000400,4.970000,-5.950000,4.620000
4732,-0.039528,-0.078080,0.991616,4.970000,-8.330000,4.550000
4733,-0.039528,-0.106872,1.023336,2.870000,-11.690000,5.530000
4734,-0.047824,-0.109800,1.061400,0.560000,-9.030000,3.500000
4735,-0.043920,-0.118584,1.054568,-0.630000,-8.750000,3.150000
4736,-0.040016,-0.111264,1.048224,-1.680000,-7.280000,2.590000
4737,-0.043432,-0.096624,1.025288,-0.700000,-5.880000,0.770000
4738,-0.039040,-0.101992,1.000400,1.260000,-6.580000,0.070000
4739,-0.034648,-0.087352,0.998448,4.340000,-5.390000,-1.260000
4740,-0.021472,-0.094672,1.024800,8.260000,-7.140000,3.080000
4741,-0.031720,-0.113704,1.029680,6.230000,-15.120000,3.920000
4742,-0.016592,-0.134688,1.033096,7.070000,-0.140000,11.200000
4743,-0.036600,-0.073200,1.020896,5.950000,-16.870001,10.080000
4744,-0.038552,-0.087352,1.042368,5.320000,-7.140000,7.070000
4745,-0.028792,-0.085888,1.015528,6.580000,-9.100000,1.470000
4747,-0.019032,-0.083936,1.017968,7.630000,-13.370000,-0.070000
4748,0.026352,-0.056120,0.869616,24.570000,-40.950001,4.060000
4749,-0.037576,-0.121024,1.068720,7.350000,-24.010000,-4.410000
4750,-0.011224,-0.081984,1.039440,7.910000,-12.670000,-5.740000
4751,-0.011224,-0.104432,1.045296,8.890000,-10.640000,-4.760000
4752,-0.004392,-0.079056,1.025288,8.680000,-9.660000,-3.640000
4753,0.000976,-0.066368,1.026264,12.880000,-3.500000,-2.380000
4754,-0.000488,-0.073200,1.034560,24.780001,0.560000,1.820000
4755,-0.005368,-0.078568,1.055056,35.279999,-0.560000,9.590000
4756,-0.031720,-0.064904,1.069696,27.299999,-2.240000,5.250000
4757,-0.016592,-0.068320,1.030168,18.620001,-2.940000,3.290000
4758,-0.014640,-0.043432,0.998936,28.280001,-1.680000,-1.470000
4759,-0.013176,-0.074176,1.052616,25.410000,-1.190000,-0.770000
4760,-0.016104,-0.039528,1.038464,20.090000,-1.890000,-0.490000
4761,-0.010248,-0.011712,1.032120,5.110000,-3.430000,0.140000
4762,-0.008296,-0.043920,1.024800,5.320000,-4.410000,0.490000
4763,0.001952,-0.037088,1.027240,7.280000,-5.460000,6.160000
4764,-0.051728,-0.061000,1.066280,8.050000,-5.250000,0.630000
4765,-0.008296,-0.037088,1.033584,4.480000,-3.220000,-0.630000
4766,-0.007808,-0.039040,1.031144,3.640000,-3.010000,-0.840000
4767,-0.007320,-0.037576,1.025288,3.850000,-3.150000,-0.700000
4768,-0.006344,-0.037088,1.026752,8.820000,-3.920000,-0.420000
4769,0.027816,0.073688,0.996984,12.950000,-4.620000,-5.740000
4770,0.003904,-0.031232,1.009672,17.990000,-4.270000,3.990000
4771,0.002440,-0.020496,1.024800,16.660000,-3.570000,7.560000
4772,-0.010248,-0.014640,1.029192,17.010000,-3.150000,6.930000
4773,-0.018544,-0.036112,1.030168,16.379999,-2.940000,0.490000
4774,-0.013664,-0.035136,1.035048,13.160000,-2.660000,-0.630000
4776,-0.013664,-0.033184,1.031632,8.610000,-2.100000,-6.580000
4777,-0.007320,-0.034648,1.037976,8.190000,-2.310000,-5.740000
4778,-0.002928,-0.007320,1.027240,6.090000,-2.310000,-2.660000
4779,0.000488,-0.012688,1.029680,5.670000,-2.310000,-1.330000
4780,0.051728,0.037088,1.161928,13.370000,-2.030000,-4.760000
4781,-0.124440,-0.012200,1.029680,3.080000,-2.170000,-0.630000
4782,-0.002440,-0.010736,1.031632,2.100000,-2.310000,-0.840000
4783,-0.003904,-0.009272,1.030656,1.750000,-2.100000,-0.700000
4784,-0.003416,-0.012688,1.029192,1.680000,-2.240000,-0.560000
4785,-0.001464,-0.011712,1.027728,1.120000,-2.310000,-0.840000
4786,-0.001464,-0.005856,1.028704,0.630000,-2.030000,-0.420000
4787,-0.002440,-0.008784,1.029192,0.280000,-1.960000,-0.350000
4788,-0.003416,-0.009272,1.030168,0.280000,-1.890000,-0.280000
4789,-0.001952,-0.008784,1.028704,0.280000,-2.100000,-0.210000
4790,-0.005368,-0.008784,1.029192,0.000000,-1.750000,-0.140000
4791,-0.003904,-0.010248,1.028704,0.280000,-2.030000,-0.210000
4792,-0.004880,-0.011224,1.027240,0.490000,-2.100000,-0.210000
4793,-0.004880,-0.010248,1.027240,0.490000,-2.240000,-0.280000
4794,-0.002928,-0.008784,1.030168,0.560000,-2.170000,-0.490000
4795,-0.002928,-0.009272,1.032120,0.490000,-2.170000,-0.350000
4796,-0.004392,-0.006344,1.027240,0.210000,-2.030000,-0.420000
4797,-0.000976,-0.009272,1.027728,0.210000,-2.100000,-0.280000
4798,-0.002440,-0.009272,1.026752,0.140000,-2.030000,-0.280000
4799,-0.001952,-0.008784,1.029192,0.070000,-2.030000,-0.350000
4800,-0.004880,-0.009760,1.030168,0.140000,-2.030000,-0.420000
4801,-0.005856,-0.009272,1.028704,0.210000,-2.100000,-0.350000
4802,-0.003416,-0.009760,1.028216,0.140000,-2.240000,-0.490000
4803,-0.004392,-0.009272,1.029680,0.210000,-2.030000,-0.350000
4806,-0.004392,-0.009272,1.029680,0.350000,-2.100000,-0.350000
4807,-0.003416,-0.008784,1.029192,0.350000,-2.100000,-0.350000
4808,-0.001952,-0.006832,1.028704,0.280000,-2.100000,-0.350000
4809,-0.003416,-0.007320,1.029192,0.350000,-2.170000,-0.490000
4810,-0.001952,-0.008296,1.026752,0.280000,-2.170000,-0.490000
4811,-0.002928,-0.007320,1.028216,0.350000,-2.100000,-0.420000
4812,-0.003904,-0.009272,1.031632,0.490000,-2.170000,-0.560000
4813,-0.003416,-0.010736,1.028216,0.490000,-2.170000,-0.910000
4814,-0.017080,-0.034160,1.027240,0.350000,-2.240000,-8.400000
4815,0.004880,-0.003904,1.029680,0.350000,-2.100000,-12.180000
4816,-0.000976,-0.001464,1.029680,0.210000,-2.100000,-10.150000
4817,0.010248,0.008296,1.031144,0.490000,-1.960000,-5.600000
4818,-0.004880,-0.011712,1.027728,0.420000,-1.960000,-9.730000
4819,-0.006832,-0.009272,1.026752,0.560000,-2.030000,-10.290000
4820,-0.004880,-0.007320,1.029192,0.350000,-2.030000,-11.620000
4821,-0.003904,-0.003416,1.029192,0.560000,-2.310000,-8.470000
4822,0.014152,0.002928,1.030656,0.770000,-2.100000,-0.280000
4823,-0.002440,-0.005856,1.028704,0.630000,-1.820000,-0.350000
4824,-0.003904,-0.007320,1.028704,0.630000,-1.960000,-0.210000
4825,-0.001952,-0.008784,1.032608,2.170000,-1.470000,0.070000
4826,-0.002440,-0.005856,1.025776,1.260000,-2.030000,-0.140000
4827,-0.002440,-0.004880,1.026752,1.750000,-2.170000,-0.210000
4828,-0.002440,-0.007808,1.028216,1.540000,-2.100000,-0.420000
4829,-0.003416,-0.007320,1.029192,1.190000,-1.960000,-0.420000
4830,-0.004392,-0.009272,1.030656,0.700000,-1.820000,-0.420000
4831,-0.003904,-0.008784,1.031632,1.400000,-1.680000,-0.630000
4832,0.034160,-0.085400,1.025776,0.840000,-1.890000,-5.810000
4835,-0.007808,0.002440,1.030656,0.490000,-1.820000,-2.870000
4837,-0.012200,-0.003416,1.029192,0.910000,-1.820000,-1.120000
4838,-0.010736,-0.003904,1.028216,0.840000,-1.820000,-0.490000
4839,-0.002928,-0.002928,1.028704,0.700000,-1.680000,-0.420000
4840,-0.002928,-0.006832,1.029192,-0.070000,-1.540000,-0.560000
4841,-0.001952,-0.005368,1.030168,-0.070000,-1.400000,-0.770000
4842,0.000000,-0.013176,1.029680,-0.420000,-1.330000,-5.600000
4843,-0.002928,-0.003904,1.028216,0.280000,-1.540000,-6.790000
4844,-0.003416,-0.012200,1.029192,0.280000,-1.540000,-8.680000
4845,-0.013664,0.005856,1.033096,0.350000,-1.540000,-14.070000
4846,-0.008296,-0.003904,1.033584,-0.560000,-0.840000,-11.690000
4847,-0.008296,-0.009760,1.027240,-1.890000,-0.210000,-12.180000
4848,-0.031232,-0.020496,1.027240,-2.240000,-0.280000,-17.709999
4849,-0.004880,-0.010736,1.027240,-1.400000,-0.700000,-17.080000
4850,0.018544,0.001464,1.028216,0.910000,-2.100000,-14.490000
4851,-0.035624,0.027328,1.031144,-0.070000,-1.820000,-0.350000
4852,-0.005368,-0.006832,1.026752,0.070000,-1.820000,-0.350000
4853,-0.001464,-0.006344,1.026752,0.070000,-1.820000,-0.350000
4854,-0.003416,-0.005368,1.027240,0.140000,-1.750000,-0.350000
4855,-0.003416,-0.005368,1.028704,0.140000,-1.890000,-0.280000
4856,-0.003416,-0.008296,1.028216,0.210000,-1.890000,-0.350000
4857,-0.003416,-0.007808,1.027240,0.140000,-1.820000,-0.350000
4858,-0.003416,-0.004880,1.031144,0.140000,-1.960000,-0.350000
4859,-0.005856,-0.006344,1.028216,0.140000,-1.890000,-0.350000
4860,-0.005856,-0.006344,1.028704,0.210000,-1.960000,-0.420000
4861,-0.005856,-0.005856,1.029192,0.280000,-1.960000,-0.420000
4862,-0.005856,-0.007808,1.026752,0.210000,-1.960000,-0.350000
4863,-0.004392,-0.005856,1.029680,0.140000,-1.890000,-0.350000
4865,-0.003904,-0.007320,1.027728,0.140000,-1.960000,-0.350000
4866,-0.004392,-0.007320,1.026752,0.140000,-1.890000,-0.350000
4867,-0.004392,-0.006832,1.027240,0.210000,-1.960000,-0.420000
4868,-0.003416,-0.006832,1.030168,0.210000,-1.890000,-0.420000
4869,-0.003416,-0.008296,1.029192,0.210000,-1.960000,-0.420000
4870,-0.003416,-0.004880,1.028704,0.140000,-1.960000,-0.490000
4871,-0.004392,-0.008296,1.027728,0.210000,-1.960000,-0.420000
4872,-0.004880,-0.004392,1.029192,0.140000,-1.890000,-0.420000
4873,-0.003416,-0.005856,1.031632,0.210000,-1.820000,-0.420000
4874,-0.003904,-0.005368,1.029680,0.280000,-1.820000,-0.420000
4875,-0.002928,-0.006832,1.027728,0.140000,-1.960000,-0.350000
4876,-0.002440,-0.006344,1.028216,0.140000,-1.960000,-0.420000
4877,-0.001952,-0.007320,1.026752,0.210000,-1.960000,-0.490000
4878,-0.002928,-0.006344,1.028704,0.140000,-1.960000,-0.420000
4879,-0.004392,-0.009272,1.033096,0.280000,-1.960000,-0.490000
4880,-0.002928,-0.005856,1.030168,0.280000,-1.960000,-0.560000
4881,-0.004880,-0.006344,1.024800,0.140000,-1.890000,-0.490000
4882,-0.008784,-0.005856,1.026264,0.210000,-1.960000,-0.490000
4883,-0.008784,-0.006832,1.029192,0.140000,-1.960000,-0.490000
4884,-0.009272,-0.005368,1.030168,0.210000,-1.890000,-0.490000
4885,-0.009760,-0.005368,1.030656,0.280000,-1.890000,-0.350000
4886,-0.008784,-0.001464,1.029192,0.350000,-1.890000,-0.350000
4887,-0.005856,-0.001952,1.029680,0.350000,-1.960000,-0.280000
4888,-0.004392,-0.002440,1.029192,0.280000,-1.820000,-0.350000
4889,-0.004392,-0.002440,1.029680,0.420000,-1.820000,-0.280000
4890,-0.000488,-0.002928,1.029192,0.350000,-1.890000,-0.280000
4891,-0.001464,-0.004392,1.026264,0.280000,-1.890000,-0.280000
4892,-0.003904,-0.009272,1.028216,0.210000,-1.960000,-0.420000
4894,-0.000976,-0.007808,1.028216,0.210000,-2.030000,-0.350000
4895,-0.003904,-0.009760,1.027240,0.210000,-1.960000,-0.420000
4896,-0.006832,-0.010736,1.029680,0.210000,-1.960000,-0.420000
4897,-0.005368,-0.008784,1.028704,0.140000,-1.960000,-0.420000
4898,-0.008784,-0.008296,1.029192,0.280000,-1.890000,-0.350000
4899,-0.007320,-0.004392,1.029680,0.210000,-1.960000,-0.350000
4900,-0.007320,-0.004392,1.027240,0.210000,-1.890000,-0.350000
4901,-0.005856,-0.003904,1.029680,0.210000,-1.960000,-0.350000
4902,-0.008784,-0.002440,1.029680,0.210000,-1.960000,-0.280000
4903,-0.005368,-0.003904,1.027240,0.210000,-1.960000,-0.350000
4904,-0.004880,-0.003904,1.027728,0.210000,-2.030000,-0.280000
4905,-0.002928,-0.004392,1.028216,0.280000,-1.960000,-0.280000
4906,-0.003416,-0.008296,1.030168,0.210000,-1.890000,-0.280000
4907,-0.003416,-0.007808,1.025288,0.210000,-1.960000,-0.350000
4908,-0.002928,-0.009760,1.027728,0.280000,-1.960000,-0.350000
4909,-0.007808,-0.006832,1.029680,0.140000,-1.890000,-0.280000
4910,-0.003904,-0.007808,1.027728,0.280000,-1.960000,-0.350000
4911,-0.006832,-0.005368,1.027728,0.210000,-1.960000,-0.350000
4912,-0.007320,-0.005856,1.026264,0.140000,-1.960000,-0.280000
4913,-0.004880,-0.001952,1.028216,0.210000,-1.890000,-0.280000
4914,-0.004880,-0.001464,1.027240,0.140000,-1.960000,-0.280000
4915,-0.008296,-0.000976,1.028216,0.140000,-1.890000,-0.280000
4916,-0.004392,-0.000976,1.029192,0.140000,-1.960000,-0.280000
4917,-0.002928,-0.003416,1.028216,0.210000,-1.960000,-0.280000
4918,-0.004392,-0.003904,1.027728,0.140000,-1.960000,-0.280000
4919,-0.003904,-0.007320,1.027240,0.210000,-1.890000,-0.210000
4920,-0.002928,-0.008296,1.027728,0.210000,-1.890000,-0.210000
4921,-0.002928,-0.010736,1.029192,0.210000,-1.960000,-0.280000
4922,-0.003416,-0.009272,1.029192,0.210000,-2.030000,-0.350000
4923,-0.003904,-0.009760,1.030168,0.140000,-1.890000,-0.280000
4925,-0.003904,-0.007320,1.028704,0.210000,-1.960000,-0.350000
4926,-0.001952,-0.004880,1.026752,0.140000,-1.960000,-0.350000
4927,-0.004880,-0.004392,1.026752,0.140000,-2.100000,-0.420000
4928,-0.004392,-0.004880,1.030168,0.070000,-1.960000,-0.350000
4929,-0.007808,-0.002440,1.028216,0.070000,-1.820000,-0.420000
4930,-0.006344,-0.001952,1.026752,0.140000,-2.030000,-0.350000
4931,-0.009272,0.000488,1.026264,0.000000,-1.960000,-0.280000
4932,-0.007808,-0.001952,1.028216,0.140000,-2.030000,-0.280000
4933,-0.007808,-0.003416,1.031144,0.070000,-2.030000,-0.210000
4934,-0.007808,-0.001464,1.031144,0.140000,-1.750000,-0.070000
4935,-0.006344,-0.003904,1.030656,0.070000,-1.960000,-0.210000
4936,-0.004880,-0.003416,1.027240,0.070000,-2.030000,-0.210000
4937,-0.001464,-0.005368,1.030168,0.210000,-1.820000,-0.280000
4938,0.001464,-0.007320,1.029680,0.140000,-1.960000,-0.210000
4939,0.001952,-0.008784,1.029192,0.280000,-1.960000,-0.350000
4940,0.003416,-0.010248,1.028216,0.210000,-1.960000,-0.350000
4941,0.001952,-0.010736,1.027240,0.140000,-1.960000,-0.420000
4942,-0.001464,-0.007320,1.027240,0.210000,-1.960000,-0.420000
4943,-0.003904,-0.008296,1.027728,0.140000,-1.890000,-0.490000
4944,-0.004880,-0.008296,1.029192,0.210000,-2.030000,-0.560000
4945,-0.007808,-0.005368,1.026752,0.210000,-1.960000,-0.420000
4946,-0.010736,-0.006832,1.027728,0.140000,-1.960000,-0.350000
4947,-0.011224,-0.004880,1.028704,0.140000,-2.030000,-0.420000
4948,-0.012200,-0.003904,1.029680,0.070000,-1.890000,-0.350000
4949,-0.012688,-0.005368,1.027240,0.070000,-1.960000,-0.210000
4951,-0.007320,-0.006344,1.030168,0.140000,-1.960000,-0.280000
4952,-0.003416,-0.006344,1.030168,0.140000,-1.960000,-0.210000
4953,-0.000976,-0.005856,1.027728,0.140000,-1.960000,-0.210000
4954,0.001464,-0.009760,1.028704,0.140000,-1.890000,-0.280000
4955,0.000976,-0.009272,1.029680,0.070000,-1.890000,-0.280000
4956,-0.124928,-0.008296,1.026264,0.140000,-1.890000,-0.420000
4957,-0.000976,-0.007808,1.029192,0.140000,-1.890000,-0.420000
4958,-0.001952,-0.008784,1.029192,0.210000,-2.030000,-0.490000
4959,-0.005368,-0.004880,1.028704,0.210000,-2.030000,-0.490000
4960,-0.008784,-0.002928,1.028216,0.210000,-1.960000,-0.490000
4961,-0.007808,-0.002440,1.029680,0.140000,-1.960000,-0.490000
4962,-0.009272,-0.003416,1.030656,0.210000,-1.960000,-0.420000
4963,-0.009760,-0.000488,1.026752,0.140000,-1.890000,-0.350000
4964,-0.007808,-0.001464,1.028216,0.210000,-1.960000,-0.280000
4965,-0.008784,-0.001952,1.032120,0.140000,-1.960000,-0.280000
4966,-0.005856,-0.003416,1.029680,0.140000,-1.960000,-0.210000
4967,-0.004392,-0.007320,1.027240,0.140000,-2.030000,-0.210000
4968,-0.000976,-0.008784,1.030168,0.140000,-1.890000,-0.350000
4969,-0.000488,-0.009272,1.029192,0.280000,-1.960000,-0.350000
4970,-0.003904,-0.008296,1.027728,0.210000,-1.960000,-0.350000
4971,-0.001464,-0.008784,1.025776,0.140000,-1.890000,-0.350000
4972,-0.003416,-0.008784,1.030168,0.070000,-2.030000,-0.420000
4973,-0.005368,-0.006832,1.029192,0.140000,-2.030000,-0.490000
4974,-0.003416,-0.004392,1.028704,0.210000,-1.960000,-0.490000
4975,-0.005856,-0.002440,1.027240,0.210000,-1.960000,-0.490000
4976,-0.007320,-0.003416,1.029192,0.140000,-1.820000,-0.490000
4977,-0.007320,-0.002440,1.027240,0.280000,-1.890000,-0.420000
4978,-0.008784,0.000000,1.028216,0.070000,-2.030000,-0.350000
4979,-0.010248,-0.001952,1.029680,0.000000,-1.960000,-0.280000
4980,-0.008784,-0.000976,1.030168,0.140000,-2.030000,-0.350000
4981,-0.006344,-0.006344,1.028216,0.070000,-1.890000,-0.280000
4983,-0.002928,-0.006832,1.030168,0.140000,-1.890000,-0.350000
4984,-0.003416,-0.009760,1.028704,0.210000,-1.960000,-0.210000
4985,-0.001952,-0.007320,1.030168,0.070000,-1.960000,-0.350000
4986,-0.003416,-0.006344,1.027240,0.210000,-1.890000,-0.350000
4987,-0.001952,-0.006832,1.028704,0.210000,-1.960000,-0.350000
4988,-0.002928,-0.008784,1.029680,0.140000,-1.960000,-0.350000
4989,-0.005368,-0.005856,1.031632,0.280000,-1.960000,-0.350000
4990,-0.006344,-0.005856,1.026264,0.210000,-1.960000,-0.420000
4991,-0.003904,-0.006344,1.028704,0.140000,-1.960000,-0.350000
4992,-0.006832,-0.004392,1.026752,0.070000,-1.960000,-0.420000
4993,-0.005856,-0.002928,1.029680,0.210000,-1.960000,-0.350000
4994,-0.005368,-0.005368,1.029680,0.210000,-1.960000,-0.350000
4995,-0.006344,-0.003904,1.030168,0.210000,-1.820000,-0.420000
4996,-0.004880,-0.006344,1.028216,0.140000,-1.960000,-0.280000
4997,-0.002928,-0.004880,1.029192,0.210000,-2.030000,-0.420000
4998,-0.003416,-0.007808,1.029192,0.140000,-1.820000,-0.350000
4999,-0.002928,-0.007320,1.030656,0.070000,-1.960000,-0.350000
5000,-0.001952,-0.006832,1.026752,0.140000,-1.890000,-0.490000
5001,-0.002928,-0.008784,1.030168,0.070000,-1.960000,-0.490000
5002,-0.007808,-0.005368,1.026752,0.140000,-1.960000,-0.420000
5003,-0.007320,-0.004880,1.026752,0.070000,-1.890000,-0.420000
5004,-0.006832,-0.005856,1.029192,0.140000,-1.960000,-0.280000
5005,-0.006832,-0.004880,1.028704,0.140000,-1.890000,-0.280000
5006,-0.008784,-0.004392,1.027728,0.140000,-1.960000,-0.350000
5007,-0.007808,-0.002928,1.027240,0.070000,-1.960000,-0.210000
5008,-0.005856,-0.003416,1.029192,0.280000,-2.030000,-0.280000
5009,-0.003904,-0.004392,1.028704,0.140000,-1.890000,-0.280000
5010,-0.004392,-0.006344,1.029680,0.210000,-1.960000,-0.350000
5011,-0.001952,-0.003416,1.027240,0.140000,-1.890000,-0.350000
5012,-0.003904,-0.004392,1.030168,0.140000,-1.890000,-0.420000
5014,-0.004392,-0.006344,1.030168,0.140000,-2.030000,-0.350000
5016,-0.005856,-0.006832,1.031632,0.210000,-1.960000,-0.280000
5017,-0.005856,-0.007320,1.029192,0.140000,-1.960000,-0.350000
5018,-0.005368,-0.006344,1.026752,0.210000,-2.030000,-0.350000
5019,-0.004392,-0.006344,1.027728,0.210000,-1.960000,-0.280000
5020,-0.004392,-0.007320,1.028216,0.140000,-1.960000,-0.280000
5021,-0.004392,-0.007320,1.029192,0.140000,-1.890000,-0.350000
5022,-0.003904,-0.005856,1.027728,0.280000,-1.960000,-0.280000
5023,-0.003904,-0.004880,1.028704,0.140000,-1.960000,-0.350000
5024,-0.004392,-0.004392,1.029680,0.140000,-1.960000,-0.350000
5025,-0.005368,-0.003904,1.028704,0.140000,-1.890000,-0.350000
5026,-0.005856,-0.004880,1.027240,0.210000,-2.030000,-0.350000
5027,-0.005856,-0.003904,1.030656,0.070000,-2.030000,-0.280000
5029,-0.007808,-0.005856,1.028216,0.070000,-1.960000,-0.350000
5030,-0.005368,-0.003904,1.030656,0.210000,-2.030000,-0.210000
5032,-0.004880,-0.007320,1.029680,0.070000,-2.030000,-0.280000
5033,-0.003904,-0.005368,1.029192,0.210000,-1.960000,-0.280000
5034,-0.005856,-0.006344,1.028704,0.210000,-1.890000,-0.210000
5035,-0.002440,-0.007808,1.029680,0.140000,-1.960000,-0.280000
5036,-0.002440,-0.007320,1.026264,0.140000,-1.960000,-0.420000
5037,-0.004880,-0.005368,1.029192,0.140000,-1.960000,-0.350000
5038,-0.003904,-0.005368,1.028704,0.140000,-1.890000,-0.350000
5039,-0.003904,-0.005368,1.030168,0.210000,-1.890000,-0.350000
5040,-0.002928,-0.007808,1.029192,0.210000,-1.890000,-0.420000
5041,-0.003416,-0.004880,1.028704,0.070000,-2.030000,-0.350000
5043,-0.005368,-0.009272,1.032120,0.140000,-1.960000,-0.420000
5044,-0.006832,-0.009760,1.027728,0.140000,-2.030000,-0.350000
5045,-0.006832,-0.008296,1.028216,0.210000,-1.960000,-0.280000
5046,-0.006344,-0.006832,1.028704,0.210000,-1.960000,-0.420000
